Date,Label,subjectivity,objectivity,sentiment
2008-08-08,0,-0.083896965,1.083897,-0.2437656
2008-08-11,1,0.3362081,0.6637919,-0.10454029
2008-08-12,0,0.16331919,0.8366808,-0.508389
2008-08-13,0,0.11056545,0.8894346,-0.41150093
2008-08-14,1,0.4142767,0.5857233,-0.6829887
2008-08-15,1,0.03105411,0.96894586,-0.38525918
2008-08-18,0,0.32242316,0.67757684,-0.6500092
2008-08-19,0,0.5239678,0.4760322,-0.30851784
2008-08-20,1,0.6440997,0.3559003,-0.55396557
2008-08-21,1,0.29289407,0.70710593,0.19787794
2008-08-22,1,0.16918528,0.8308147,-0.14261374
2008-08-25,0,0.5031251,0.49687493,-0.53113186
2008-08-26,1,0.2551518,0.7448482,-0.4697368
2008-08-27,1,0.2259224,0.7740776,-0.27816638
2008-08-28,1,-0.023935392,1.0239354,-0.44963577
2008-08-29,0,0.55676377,0.44323623,-0.348525
2008-09-02,0,0.13361235,0.86638767,-0.15487632
2008-09-03,1,-0.1268014,1.1268014,-0.48205596
2008-09-04,0,0.32355827,0.6764417,-0.6531128
2008-09-05,1,0.20648038,0.7935196,-0.5508379
2008-09-08,1,0.13967107,0.8603289,-0.34736168
2008-09-09,0,0.15230209,0.8476979,-0.62990963
2008-09-10,1,0.3102308,0.6897692,-0.12151316
2008-09-11,1,-0.04037121,1.0403712,-0.36988717
2008-09-12,0,0.43002653,0.56997347,-0.08547953
2008-09-15,0,0.2050884,0.7949116,-0.30188483
2008-09-16,1,0.040848136,0.95915186,-0.37228465
2008-09-17,0,0.6088679,0.39113212,-0.12191853
2008-09-18,1,-0.09701574,1.0970157,-0.51307535
2008-09-19,1,0.2926586,0.70734143,-0.14477867
2008-09-22,0,0.2806105,0.7193895,-0.43261912
2008-09-23,0,0.22565189,0.77434814,-0.24492648
2008-09-24,0,0.17293963,0.82706034,-0.45923924
2008-09-25,1,0.14853704,0.85146296,-0.3973218
2008-09-26,1,-0.08938868,1.0893887,-0.85874957
2008-09-29,0,0.6815824,0.3184176,-0.37917373
2008-09-30,1,-0.060324706,1.0603247,-0.12589087
2008-10-01,0,0.09794908,0.9020509,-0.3777176
2008-10-02,0,0.55551946,0.44448054,-0.6388807
2008-10-03,0,0.21077713,0.78922284,-0.8068689
2008-10-06,0,0.027232364,0.97276765,-0.15844682
2008-10-07,0,0.561527,0.438473,-0.66493297
2008-10-08,0,0.1597634,0.8402366,-0.76820207
2008-10-09,0,-0.22012675,1.2201267,0.099435925
2008-10-10,0,0.24049357,0.75950646,-0.41068134
2008-10-13,1,-0.13880277,1.1388028,-0.48580724
2008-10-14,0,0.15859002,0.84141,-0.10730167
2008-10-15,0,0.29169312,0.7083069,-0.38218677
2008-10-16,1,0.28534546,0.71465456,-0.2121763
2008-10-17,0,0.20574602,0.79425395,-0.5607153
2008-10-20,1,0.12267638,0.8773236,-0.3219631
2008-10-21,0,-0.3710904,1.3710904,-0.6164695
2008-10-22,0,0.11483217,0.88516784,-0.38232136
2008-10-23,1,0.2544253,0.7455747,-0.07991098
2008-10-24,0,0.28245646,0.71754354,-0.5518701
2008-10-27,0,0.14190257,0.85809743,-0.41136795
2008-10-28,1,-0.017191302,1.0171913,-0.09036067
2008-10-29,0,0.17685369,0.82314634,-0.3054102
2008-10-30,1,-0.31167293,1.3116729,-0.33410698
2008-10-31,1,0.09138352,0.9086165,-0.8264095
2008-11-03,0,0.0030915737,0.9969084,-0.22539997
2008-11-04,1,0.08789241,0.9121076,-0.21933872
2008-11-05,0,0.41421914,0.58578086,-0.58852625
2008-11-06,0,0.015137896,0.9848621,-0.24924687
2008-11-07,1,0.13359219,0.8664078,-0.562706
2008-11-10,0,0.17596538,0.82403463,-0.5596664
2008-11-11,0,0.10457152,0.8954285,-0.24350695
2008-11-12,0,0.2565166,0.7434834,-0.42072266
2008-11-13,1,-0.0378431,1.0378431,-0.34573168
2008-11-14,0,0.42590076,0.57409924,-0.6081352
2008-11-17,0,0.23163897,0.76836103,-0.17053922
2008-11-18,1,-0.12974402,1.129744,-0.35073727
2008-11-19,0,0.31116453,0.6888355,-0.07124516
2008-11-20,0,0.32237527,0.6776247,-0.14253253
2008-11-21,1,0.22621131,0.7737887,-0.27482462
2008-11-24,1,0.22800258,0.77199745,-0.15344384
2008-11-25,1,0.47401,0.52599,-0.37762922
2008-11-26,1,-0.011126965,1.011127,-0.34221408
2008-11-28,1,0.1588321,0.8411679,-0.5913784
2008-12-01,0,0.058334798,0.9416652,-0.28255895
2008-12-02,1,0.29591066,0.70408934,-0.48962307
2008-12-03,1,0.066130236,0.9338698,-0.21645558
2008-12-04,0,0.02162093,0.9783791,0.16753393
2008-12-05,1,0.28832752,0.7116725,-0.031425238
2008-12-08,1,0.19062531,0.8093747,-0.31828517
2008-12-09,0,0.30989766,0.69010234,-0.095864594
2008-12-10,1,-0.2679997,1.2679996,-0.9684484
2008-12-11,0,0.5352837,0.46471632,-0.6085286
2008-12-12,1,-0.10494268,1.1049427,-0.30024204
2008-12-15,0,-0.18473466,1.1847347,-0.4316923
2008-12-16,1,0.24350967,0.75649035,-0.07350996
2008-12-17,0,0.20107564,0.7989243,-0.15466198
2008-12-18,0,0.26121777,0.7387822,-0.08592227
2008-12-19,0,0.16396576,0.83603424,-0.6171287
2008-12-22,0,0.0024929866,0.99750704,-0.2426942
2008-12-23,0,0.19121848,0.8087815,-0.36905
2008-12-24,1,0.0035274327,0.9964726,-0.42098066
2008-12-26,1,0.06711395,0.93288606,-0.24054328
2008-12-29,0,-0.036580376,1.0365803,-0.21088706
2008-12-30,1,0.27008957,0.72991043,-0.38871664
2008-12-31,1,0.37632594,0.62367404,-0.41121513
2009-01-02,1,-0.12647742,1.1264775,-0.57340914
2009-01-05,0,0.4923257,0.50767434,-0.42467773
2009-01-06,1,-0.006694868,1.0066949,-0.7223398
2009-01-07,0,0.6031909,0.3968091,-0.15562129
2009-01-08,0,0.28169763,0.71830237,-0.55109227
2009-01-09,0,0.7088799,0.2911201,-0.6387413
2009-01-12,0,-0.028397411,1.0283974,-0.2016156
2009-01-13,0,0.14359795,0.85640204,-0.5610187
2009-01-14,0,0.22583273,0.7741673,-0.33957738
2009-01-15,1,0.2736925,0.7263075,-0.16144994
2009-01-16,1,0.3946095,0.6053905,-0.44454747
2009-01-20,0,-0.11602515,1.1160252,-0.40414324
2009-01-21,1,-0.03635958,1.0363595,-0.0734216
2009-01-22,0,0.23209843,0.76790154,-0.66162217
2009-01-23,0,0.10993153,0.8900685,-0.52964854
2009-01-26,1,-0.034913957,1.034914,-0.532339
2009-01-27,1,-0.10279751,1.1027975,-0.76683533
2009-01-28,1,0.0995252,0.9004748,-0.6477455
2009-01-29,0,0.36448702,0.63551295,-0.23904726
2009-01-30,0,0.48736537,0.51263463,-0.12072341
2009-02-02,0,0.55734104,0.44265896,-0.35867983
2009-02-03,1,0.29050344,0.70949656,-0.2128919
2009-02-04,0,0.06871565,0.93128437,-0.16774268
2009-02-05,1,0.3290033,0.67099667,-0.32334036
2009-02-06,1,-0.037655264,1.0376552,-0.66936934
2009-02-09,0,0.32816517,0.6718348,-0.3200821
2009-02-10,0,-0.062135354,1.0621353,-0.39189973
2009-02-11,1,0.37265193,0.62734807,-0.65110904
2009-02-12,0,0.34418014,0.6558199,-0.42532563
2009-02-13,0,0.43666816,0.56333184,-0.50787896
2009-02-17,0,0.21287279,0.7871272,-0.22905013
2009-02-18,1,-0.21730663,1.2173066,-0.18056148
2009-02-19,0,0.37080997,0.62919,-0.36745036
2009-02-20,0,0.22130659,0.77869344,-0.39884806
2009-02-23,0,0.10242665,0.89757335,-0.5004066
2009-02-24,1,0.47425753,0.5257425,-0.054032207
2009-02-25,0,0.39770567,0.6022943,-0.58147234
2009-02-26,0,0.13027067,0.86972934,-0.56478584
2009-02-27,0,0.48561937,0.51438063,-0.569808
2009-03-02,0,0.13808542,0.8619146,-0.39455637
2009-03-03,0,0.19130066,0.80869937,-0.769897
2009-03-04,1,0.17094281,0.8290572,-0.1773147
2009-03-05,0,0.13148093,0.86851907,-0.36637253
2009-03-06,1,0.17001589,0.8299841,-0.6637784
2009-03-09,0,0.26076934,0.73923063,-0.6013936
2009-03-10,1,0.1698121,0.8301879,-0.25560588
2009-03-11,1,0.053596765,0.94640326,-0.28295106
2009-03-12,1,0.035344675,0.96465534,-0.7153392
2009-03-13,1,0.047872096,0.95212793,-0.3173426
2009-03-16,0,0.3144767,0.6855233,-0.4438163
2009-03-17,1,0.286651,0.713349,-0.28776798
2009-03-18,1,0.19914415,0.8008559,0.10893768
2009-03-19,0,-0.18719804,1.187198,-0.6245897
2009-03-20,0,0.25960857,0.74039143,-0.6183226
2009-03-23,1,-0.080564424,1.0805644,-0.25975418
2009-03-24,0,0.10621905,0.89378095,-0.51133364
2009-03-25,1,-0.143863,1.143863,-0.22831413
2009-03-26,1,0.031321883,0.9686781,-0.49146217
2009-03-27,0,0.1306313,0.8693687,-0.3857023
2009-03-30,0,0.4385068,0.56149316,-0.45620322
2009-03-31,1,0.13932858,0.8606714,-0.56764853
2009-04-01,1,0.37602094,0.6239791,-0.3485673
2009-04-02,1,0.13533036,0.8646696,-0.6714124
2009-04-03,1,0.36103106,0.63896894,-0.40948987
2009-04-06,0,0.30658153,0.6934185,-0.21603936
2009-04-07,0,0.14077197,0.859228,-0.63973945
2009-04-08,1,0.52328706,0.47671294,0.327258
2009-04-09,1,0.4620013,0.5379987,-0.26707336
2009-04-13,0,-0.48549208,1.4854921,-0.53636396
2009-04-14,0,0.00089947134,0.9991005,-0.6781244
2009-04-15,1,-0.3193872,1.3193872,-0.20573516
2009-04-16,1,-0.058370635,1.0583706,-0.4122097
2009-04-17,1,0.23279795,0.767202,-0.38489446
2009-04-20,0,-0.59750754,1.5975075,-0.44798023
2009-04-21,1,0.07997382,0.9200262,-0.25840372
2009-04-22,0,0.058692515,0.9413075,-0.46588093
2009-04-23,1,0.17596322,0.8240368,-0.16767137
2009-04-24,1,-0.004062414,1.0040624,-0.37043095
2009-04-27,0,0.09614697,0.90385306,-0.17988965
2009-04-28,0,0.059504315,0.94049567,0.0025250614
2009-04-29,1,0.19203685,0.80796313,-0.51060915
2009-04-30,0,0.04560241,0.95439756,-0.38968
2009-05-01,1,0.15733829,0.84266174,-0.34785593
2009-05-04,1,0.4347856,0.5652144,-0.5704591
2009-05-05,0,0.24708983,0.75291014,-0.66638845
2009-05-06,1,-0.1974244,1.1974244,-0.07474464
2009-05-07,0,0.17488468,0.8251153,-0.68951535
2009-05-08,1,-0.26452172,1.2645217,-0.44876903
2009-05-11,0,0.027679294,0.9723207,-0.34010383
2009-05-12,1,0.055918843,0.9440812,-0.5958175
2009-05-13,0,0.017161578,0.9828384,-0.19061096
2009-05-14,1,-0.052854,1.0528541,-0.42223394
2009-05-15,0,-0.09433435,1.0943344,-0.18827158
2009-05-18,1,0.1461889,0.8538111,-0.36222276
2009-05-19,0,0.06116824,0.93883175,-0.16595644
2009-05-20,0,-0.33448142,1.3344815,-0.48077124
2009-05-21,0,0.31961817,0.68038183,-0.21741146
2009-05-22,0,0.53020364,0.46979636,-0.58104694
2009-05-26,1,-0.032074824,1.0320748,-0.38136357
2009-05-27,0,0.15976036,0.84023964,-0.44000697
2009-05-28,1,0.19957429,0.8004257,-0.108199924
2009-05-29,1,0.239832,0.760168,-0.2406618
2009-06-01,1,-0.024158567,1.0241586,-0.45695752
2009-06-02,1,0.14526395,0.85473603,-0.25428528
2009-06-03,0,0.30512694,0.6948731,-0.6957283
2009-06-04,1,0.21834348,0.7816565,-0.38460606
2009-06-05,1,-0.08730571,1.0873057,-0.10141885
2009-06-08,1,-0.08491373,1.0849137,-0.29254353
2009-06-09,0,-0.077116214,1.0771163,-0.33739847
2009-06-10,0,0.048046082,0.9519539,-0.40537167
2009-06-11,1,0.35666338,0.64333665,-0.28351778
2009-06-12,1,0.33540848,0.66459155,-0.5009337
2009-06-15,0,0.42164737,0.57835263,-0.31197134
2009-06-16,0,0.48643172,0.5135683,0.23436628
2009-06-17,0,-0.26215357,1.2621536,-0.5655732
2009-06-18,1,0.14254883,0.8574512,-0.49799284
2009-06-19,0,0.17526567,0.82473433,-0.42490163
2009-06-22,0,-0.27643204,1.276432,-0.4446663
2009-06-23,0,0.41526872,0.5847313,-0.35531086
2009-06-24,0,0.14234553,0.85765445,-0.0499835
2009-06-25,1,0.39434454,0.60565543,-0.34995046
2009-06-26,0,0.21181318,0.7881868,-0.31505793
2009-06-29,1,-0.016064294,1.0160643,-0.42808533
2009-06-30,0,0.35087997,0.64912003,-0.63147235
2009-07-01,1,0.5573853,0.44261467,-0.52366835
2009-07-02,0,0.07906863,0.92093134,-0.20139849
2009-07-06,1,0.11874461,0.8812554,-0.5425413
2009-07-07,0,0.19645736,0.8035426,-0.38443732
2009-07-08,1,0.025428027,0.97457194,0.004251763
2009-07-09,1,0.2669205,0.7330795,-0.30021095
2009-07-10,0,0.32123142,0.6787686,-0.38713622
2009-07-13,1,-0.10133417,1.1013342,-0.576643
2009-07-14,1,0.048791885,0.9512081,-0.5449212
2009-07-15,1,0.4619659,0.5380341,-0.15563634
2009-07-16,1,0.23490775,0.76509225,-0.25006697
2009-07-17,1,0.26498654,0.7350135,-0.7318853
2009-07-20,1,0.26107144,0.73892856,-0.036259085
2009-07-21,1,0.01932177,0.9806782,-0.36162257
2009-07-22,0,0.08681837,0.91318166,-0.34789225
2009-07-23,1,-0.07667516,1.0766752,-0.1546948
2009-07-24,1,0.3265959,0.6734041,-0.030478746
2009-07-27,1,0.033873737,0.96612626,-0.12228434
2009-07-28,0,0.2078696,0.7921304,-0.8078051
2009-07-29,0,0.18517338,0.8148266,-0.46207857
2009-07-30,1,-0.00019335747,1.0001934,-0.20659062
2009-07-31,1,0.17028952,0.8297105,-0.5246042
2009-08-03,1,0.25253338,0.7474666,-0.5604341
2009-08-04,1,0.32116932,0.6788307,-0.1916053
2009-08-05,0,-0.39106637,1.3910663,-0.2584009
2009-08-06,0,0.052758515,0.9472415,-0.3550703
2009-08-07,1,0.31758195,0.68241805,-0.4502155
2009-08-10,0,0.29236233,0.70763767,-0.38359666
2009-08-11,0,0.35290873,0.64709127,-0.4845487
2009-08-12,1,0.2612121,0.7387879,-0.46500632
2009-08-13,1,-0.093877405,1.0938774,-0.45603973
2009-08-14,0,-0.30860028,1.3086003,-0.2654059
2009-08-17,0,0.16577071,0.8342293,-0.72820824
2009-08-18,1,0.3758875,0.6241125,-0.40231383
2009-08-19,1,0.114908926,0.88509107,-0.53456974
2009-08-20,1,-0.13215259,1.1321526,-0.21788576
2009-08-21,1,-0.4721371,1.4721371,-0.33269307
2009-08-24,1,0.22270024,0.77729976,-0.4677927
2009-08-25,1,-0.071954906,1.071955,-0.42414364
2009-08-26,1,0.04776258,0.9522374,-0.62742364
2009-08-27,1,0.52112997,0.47887003,-0.48694533
2009-08-28,0,0.32121626,0.6787838,-0.19529662
2009-08-31,0,0.42871988,0.5712801,-0.14658573
2009-09-01,0,0.2288238,0.7711762,-0.32420802
2009-09-02,0,0.36354363,0.6364564,-0.17750186
2009-09-03,1,0.14227511,0.8577249,-0.35235125
2009-09-04,1,0.07028182,0.9297182,-0.48527604
2009-09-08,1,0.38353032,0.6164697,-0.6858949
2009-09-09,1,-0.3699002,1.3699002,-0.5059594
2009-09-10,1,0.007011935,0.99298805,-0.1419895
2009-09-11,0,-0.09192254,1.0919225,-0.2696072
2009-09-14,1,0.6193822,0.3806178,-0.20144731
2009-09-15,1,-0.24817851,1.2481785,-0.52848184
2009-09-16,1,0.41787305,0.582127,-0.5341972
2009-09-17,0,0.3982719,0.6017281,-0.14343755
2009-09-18,1,-0.12465759,1.1246576,-0.463394
2009-09-21,0,0.38720256,0.61279744,-0.1834366
2009-09-22,1,0.102090806,0.89790916,-0.14622262
2009-09-23,0,0.52076995,0.47923005,-0.46269986
2009-09-24,0,0.4137911,0.58620894,-0.5563837
2009-09-25,0,0.41395366,0.58604634,-0.504409
2009-09-28,1,-0.047396973,1.047397,-0.020084143
2009-09-29,0,-0.023845717,1.0238457,-0.2862408
2009-09-30,0,-0.045751244,1.0457512,-0.88783514
2009-10-01,0,0.088799655,0.91120034,-0.586476
2009-10-02,0,0.10776564,0.8922344,-0.6597029
2009-10-05,1,0.102949634,0.8970504,-0.4296525
2009-10-06,1,0.5937381,0.40626192,0.10819903
2009-10-07,0,0.3337979,0.66620207,-0.43590772
2009-10-08,1,0.24216662,0.75783336,-0.13321477
2009-10-09,1,0.22258645,0.77741355,-0.76481616
2009-10-12,1,0.17397714,0.82602286,-0.19958772
2009-10-13,0,0.18675722,0.8132428,-0.19771075
2009-10-14,1,0.18042745,0.81957257,-0.69904745
2009-10-15,1,0.14538452,0.85461545,-0.44438738
2009-10-16,0,0.11391014,0.88608986,-0.20039707
2009-10-19,1,-0.04301992,1.0430199,-0.13152078
2009-10-20,0,0.26691335,0.73308665,-0.28167844
2009-10-21,0,-0.29441953,1.2944195,-0.47611082
2009-10-22,1,-0.28906593,1.289066,-0.8198281
2009-10-23,0,0.1725526,0.8274474,-0.24356222
2009-10-26,0,0.18404585,0.81595415,-0.42258954
2009-10-27,1,-0.12302488,1.123025,-0.9313025
2009-10-28,0,0.7570927,0.24290729,-0.29622555
2009-10-29,1,0.30055866,0.6994413,-0.098115444
2009-10-30,0,0.2226537,0.7773463,-0.25808287
2009-11-02,1,0.08651416,0.9134858,-0.41244513
2009-11-03,0,0.37028447,0.62971556,-0.622934
2009-11-04,1,-0.23347723,1.2334772,-0.43517014
2009-11-05,1,-0.037464984,1.037465,-0.41875282
2009-11-06,1,0.006316319,0.9936837,-0.048520654
2009-11-09,1,0.29356194,0.70643806,0.08110115
2009-11-10,1,-0.021647364,1.0216473,-0.28850114
2009-11-11,1,0.4820572,0.5179428,-0.42535657
2009-11-12,0,0.44290993,0.55709004,-0.4308409
2009-11-13,1,-0.0005848408,1.0005848,-0.44549942
2009-11-16,1,-0.026941448,1.0269414,-0.3854854
2009-11-17,1,0.29833847,0.7016615,-0.56824845
2009-11-18,0,0.1272676,0.8727324,-0.90031695
2009-11-19,0,-0.107815176,1.1078151,-0.45427257
2009-11-20,0,0.12862831,0.8713717,-0.07823646
2009-11-23,1,0.5473175,0.4526825,-0.30652264
2009-11-24,0,0.3796149,0.6203851,-0.32835615
2009-11-25,1,0.36001885,0.63998115,-0.6382575
2009-11-27,0,0.074395075,0.92560494,-0.4440773
2009-11-30,1,-0.01038529,1.0103853,-0.47685355
2009-12-01,1,0.3402519,0.6597481,-0.38703984
2009-12-02,0,0.08826776,0.91173226,-0.39295506
2009-12-03,0,0.29738858,0.70261145,-0.28286797
2009-12-04,1,0.16941042,0.8305896,-0.4717964
2009-12-07,1,-0.15447101,1.154471,-0.52381104
2009-12-08,0,0.06090468,0.9390953,-0.41881323
2009-12-09,1,-0.076538,1.076538,-0.32607117
2009-12-10,1,0.55562246,0.44437754,-0.28375703
2009-12-11,1,0.10269004,0.89730996,-0.3548834
2009-12-14,1,0.04065582,0.95934415,-0.22451562
2009-12-15,0,-0.042907268,1.0429072,-0.18574053
2009-12-16,0,0.016413003,0.983587,-0.34028316
2009-12-17,0,-0.2542516,1.2542516,-0.25949317
2009-12-18,1,-0.008172333,1.0081723,-0.57043976
2009-12-21,1,0.09609322,0.90390676,-0.6575074
2009-12-22,1,0.00010719895,0.99989283,-0.19779596
2009-12-23,1,0.3634162,0.6365838,-0.32766458
2009-12-24,1,0.3281947,0.67180526,-0.36932448
2009-12-28,1,-0.12091538,1.1209154,-0.030657277
2009-12-29,0,0.10699257,0.8930074,-0.2947172
2009-12-30,1,0.142834,0.857166,-0.57804894
2009-12-31,0,0.259302,0.740698,-0.5476277
2010-01-04,1,0.45536613,0.54463387,-0.54564136
2010-01-05,0,0.43987602,0.560124,-0.93686444
2010-01-06,1,0.20680906,0.79319096,-0.23146136
2010-01-07,1,0.16870037,0.83129966,-0.6586106
2010-01-08,1,-0.31095082,1.3109508,0.14593914
2010-01-11,1,0.108002275,0.8919977,-0.6060753
2010-01-12,0,0.18468247,0.8153175,-0.735908
2010-01-13,1,0.23702234,0.76297766,-0.50278807
2010-01-14,1,0.35781568,0.6421843,-0.57050455
2010-01-15,0,0.16984539,0.8301546,-0.08763167
2010-01-19,1,0.12592463,0.87407535,-0.642961
2010-01-20,0,0.032863945,0.967136,-0.12441972
2010-01-21,0,0.17622523,0.82377476,-0.53459746
2010-01-22,0,0.22205703,0.77794296,-0.44975722
2010-01-25,1,0.13249144,0.86750853,-0.35313994
2010-01-26,0,0.20155454,0.79844546,-0.3772233
2010-01-27,1,0.32050538,0.6794946,-0.18853325
2010-01-28,0,0.42980433,0.5701957,-0.38609788
2010-01-29,0,0.33340907,0.6665909,-0.1393727
2010-02-01,1,-0.2592399,1.2592399,-0.38610035
2010-02-02,1,0.006088048,0.993912,0.042614892
2010-02-03,0,0.4412632,0.5587368,-0.17596179
2010-02-04,0,0.19132893,0.80867106,-0.40528163
2010-02-05,1,-0.008547485,1.0085475,-0.65852106
2010-02-08,0,0.5692331,0.43076688,-0.21902591
2010-02-09,1,0.2230237,0.7769763,-0.38526267
2010-02-10,0,0.3924391,0.6075609,-0.636902
2010-02-11,1,0.29115093,0.7088491,-0.3807959
2010-02-12,0,0.1384277,0.86157227,-0.295373
2010-02-16,1,0.23754053,0.76245946,0.11966613
2010-02-17,1,0.52743924,0.47256076,-0.5402896
2010-02-18,1,-0.056751266,1.0567513,-0.63394207
2010-02-19,1,0.2400411,0.75995886,-0.64563036
2010-02-22,0,0.46701288,0.5329871,-0.59437317
2010-02-23,0,0.278597,0.721403,-0.65797204
2010-02-24,1,0.2556234,0.7443766,-0.42238253
2010-02-25,0,-0.047278836,1.0472789,-0.48113012
2010-02-26,1,-0.06907007,1.0690701,-0.32879138
2010-03-01,1,0.13284709,0.8671529,-0.3264274
2010-03-02,1,0.2023721,0.7976279,-0.34208238
2010-03-03,0,0.17287046,0.82712954,-0.36151925
2010-03-04,1,0.08304243,0.91695756,-0.64364266
2010-03-05,1,0.64447916,0.35552084,-0.24899468
2010-03-08,0,0.33331925,0.66668075,-0.33443967
2010-03-09,1,0.347619,0.652381,-0.50317
2010-03-10,1,0.2643345,0.7356655,-0.3134121
2010-03-11,1,0.053339362,0.94666064,-0.20112097
2010-03-12,1,0.5994323,0.4005677,-0.32888612
2010-03-15,1,0.12910418,0.8708958,-0.1385628
2010-03-16,1,0.15837649,0.84162354,-0.23659304
2010-03-17,1,0.107385114,0.8926149,-0.54177547
2010-03-18,1,0.41809982,0.5819002,0.15063137
2010-03-19,0,0.377895,0.622105,-0.4002226
2010-03-22,1,0.111377224,0.88862276,-0.4664696
2010-03-23,1,0.19987333,0.8001267,-0.19264969
2010-03-24,0,0.017882928,0.98211706,-0.4291631
2010-03-25,1,0.12020324,0.87979674,-0.8101505
2010-03-26,1,-0.033692002,1.033692,-0.55765426
2010-03-29,1,0.29627508,0.7037249,-0.4210309
2010-03-30,1,-0.14707851,1.1470785,-0.011072814
2010-03-31,0,0.48194262,0.51805735,-0.4614168
2010-04-01,1,0.17804435,0.8219557,-0.47195604
2010-04-05,1,0.11740039,0.8825996,-0.020741701
2010-04-06,0,0.2598905,0.7401095,-0.4150018
2010-04-07,0,0.2032265,0.7967735,-0.2188068
2010-04-08,1,0.92007166,0.07992834,-0.40558383
2010-04-09,1,-0.07186871,1.0718687,-0.9085947
2010-04-12,1,0.012634963,0.987365,-0.39918646
2010-04-13,1,0.31305605,0.68694395,-0.64431864
2010-04-14,1,0.10375643,0.8962436,-0.2062678
2010-04-15,1,0.1448662,0.8551338,-0.37706175
2010-04-16,0,0.4495237,0.5504763,-0.18255441
2010-04-19,1,0.12899992,0.87100005,-0.18517998
2010-04-20,1,-0.03903465,1.0390346,-0.32797474
2010-04-21,1,0.23739648,0.7626035,-0.5129123
2010-04-22,1,0.5372122,0.4627878,-0.38306308
2010-04-23,1,0.2319789,0.7680211,-0.3560685
2010-04-26,1,0.26441473,0.7355853,-0.5954176
2010-04-27,0,0.24339563,0.7566044,-0.35389227
2010-04-28,1,0.43864125,0.56135875,-0.37655458
2010-04-29,1,0.30236727,0.69763273,-0.040050462
2010-04-30,0,0.27875862,0.72124135,-0.446403
2010-05-03,1,0.25807664,0.74192333,-0.24750532
2010-05-04,0,0.12985685,0.8701432,0.13716161
2010-05-05,0,0.21804431,0.7819557,-0.14029427
2010-05-06,0,0.3758738,0.6241262,-0.35659876
2010-05-07,0,0.16063087,0.8393691,-0.5732238
2010-05-10,1,0.25332534,0.74667466,-0.37401935
2010-05-11,0,0.35014552,0.6498545,-0.6401053
2010-05-12,1,-0.022726402,1.0227264,-0.36352882
2010-05-13,0,0.13717093,0.8628291,-0.6818694
2010-05-14,0,0.3297908,0.67020917,-0.57851994
2010-05-17,1,0.5784968,0.4215032,-0.03559053
2010-05-18,0,-0.1336667,1.1336668,-0.39415142
2010-05-19,0,0.33326125,0.66673875,-0.8214605
2010-05-20,0,-0.1903247,1.1903247,-0.84206265
2010-05-21,1,0.2773002,0.72269976,-0.29259792
2010-05-24,0,0.37295672,0.62704325,-0.07785544
2010-05-25,0,0.5665019,0.43349808,-0.32372946
2010-05-26,0,0.044528738,0.9554713,0.0002219975
2010-05-27,1,0.3569561,0.6430439,0.009207264
2010-05-28,0,0.21053737,0.7894626,-0.47394437
2010-06-01,0,0.114509374,0.88549066,-0.4781885
2010-06-02,1,0.23529603,0.764704,-0.20804907
2010-06-03,1,0.086248875,0.9137511,-0.29463863
2010-06-04,0,-0.3337601,1.3337601,-0.7474213
2010-06-07,0,0.23125884,0.76874113,-0.086143315
2010-06-08,1,0.25977266,0.74022734,-0.4530482
2010-06-09,0,-0.18734807,1.1873481,-0.24545175
2010-06-10,1,0.04355222,0.9564478,-0.41975462
2010-06-11,1,0.06055902,0.93944097,-0.20113373
2010-06-14,0,-0.06728068,1.0672807,-0.07639864
2010-06-15,1,-0.026848778,1.0268488,-0.1474886
2010-06-16,1,0.08560984,0.91439015,-0.84511745
2010-06-17,1,0.4686362,0.5313638,-0.3679223
2010-06-18,1,0.56069523,0.43930477,-0.31728166
2010-06-21,0,-0.30794525,1.3079453,-0.30756018
2010-06-22,0,0.10286224,0.89713776,-0.6646417
2010-06-23,1,-0.06433508,1.0643351,-0.5286938
2010-06-24,0,0.0962733,0.9037267,-0.45302135
2010-06-25,0,0.736617,0.26338297,-0.30190888
2010-06-28,0,0.2118369,0.78816307,-0.403401
2010-06-29,0,0.1284524,0.8715476,-0.21192428
2010-06-30,0,-0.055898458,1.0558984,-0.2197451
2010-07-01,0,0.4796846,0.5203154,-0.057975665
2010-07-02,0,0.10200736,0.8979926,-0.28612643
2010-07-06,1,0.41938868,0.58061135,0.059472963
2010-07-07,1,-0.020667166,1.0206672,-0.3524109
2010-07-08,1,0.25605455,0.7439455,-0.3784847
2010-07-09,1,-0.061857067,1.0618571,-0.2550336
2010-07-12,1,-0.10439059,1.1043906,-0.5224914
2010-07-13,1,-0.06734353,1.0673435,-0.33395535
2010-07-14,1,0.58075625,0.41924375,0.08601305
2010-07-15,0,0.17136148,0.82863855,0.1634299
2010-07-16,0,0.085086584,0.9149134,-0.2433007
2010-07-19,1,-0.37491935,1.3749194,-0.22486334
2010-07-20,1,0.34204656,0.65795344,-0.5016365
2010-07-21,0,0.18777992,0.8122201,-0.32809478
2010-07-22,1,0.3781015,0.62189853,-0.21730645
2010-07-23,1,0.37892875,0.6210712,-0.5352379
2010-07-26,1,-0.041683674,1.0416837,-0.680158
2010-07-27,1,0.03132716,0.9686729,-0.47057855
2010-07-28,0,-0.090694085,1.0906941,-0.32592514
2010-07-29,0,0.166632,0.833368,0.08665782
2010-07-30,0,0.041783094,0.9582169,-0.38501784
2010-08-02,1,-0.025723934,1.0257239,-0.20535442
2010-08-03,0,-0.13738367,1.1373837,-0.11202103
2010-08-04,1,-0.096845314,1.0968453,-0.10335541
2010-08-05,0,-0.18283772,1.1828377,-0.31658593
2010-08-06,0,0.21906373,0.78093624,-0.24000515
2010-08-09,1,0.29434186,0.70565814,-0.68206054
2010-08-10,0,0.18587764,0.8141224,-0.51114154
2010-08-11,0,0.12385051,0.8761495,-0.29593915
2010-08-12,0,0.40051678,0.59948325,-0.43202484
2010-08-13,0,0.15974148,0.84025854,-0.07715678
2010-08-16,0,0.047927916,0.9520721,-0.3637509
2010-08-17,1,0.005873494,0.9941265,-0.33821836
2010-08-18,1,-0.010146014,1.010146,-0.26269478
2010-08-19,0,0.2799309,0.7200691,-0.2694503
2010-08-20,0,-0.16090737,1.1609074,-0.2566046
2010-08-23,0,0.12423259,0.8757674,-0.4832757
2010-08-24,0,0.20415074,0.79584926,-0.607642
2010-08-25,1,0.17516643,0.8248336,-0.64253914
2010-08-26,0,-0.25320816,1.2532082,-0.5192932
2010-08-27,1,0.32757294,0.67242706,-0.42210492
2010-08-30,0,-0.109963715,1.1099637,-0.035196528
2010-08-31,1,-0.09802653,1.0980265,0.0231755
2010-09-01,1,0.08227983,0.9177202,-0.35727435
2010-09-02,1,-0.108246386,1.1082463,-0.37218103
2010-09-03,1,0.2649973,0.7350027,-0.36583862
2010-09-07,0,0.08397357,0.9160264,-0.28611362
2010-09-08,1,0.07691032,0.9230897,-0.25986174
2010-09-09,1,0.18411022,0.8158898,-0.35772595
2010-09-10,1,0.40006205,0.5999379,-0.4257605
2010-09-13,1,-0.0579089,1.0579089,-0.49220127
2010-09-14,0,0.47564584,0.52435416,-0.142816
2010-09-15,1,0.5121185,0.48788148,-0.5204389
2010-09-16,1,0.07267168,0.92732835,0.29541895
2010-09-17,1,0.24427225,0.75572777,-0.51387054
2010-09-20,1,-0.068372056,1.068372,-0.06697361
2010-09-21,1,0.023065194,0.9769348,-0.21827659
2010-09-22,0,-0.054770753,1.0547707,-0.27670813
2010-09-23,0,0.32819843,0.67180157,0.115660995
2010-09-24,1,0.036086522,0.9639135,-0.60069793
2010-09-27,0,0.042890623,0.9571094,0.12173611
2010-09-28,1,-0.46357438,1.4635744,0.0044402033
2010-09-29,0,-0.14607278,1.1460727,-0.30539742
2010-09-30,0,0.29854003,0.70146,-0.23684666
2010-10-01,1,0.24920902,0.75079095,-0.6889095
2010-10-04,0,-0.3043327,1.3043327,-0.65807104
2010-10-05,1,0.12159218,0.87840784,-0.4993751
2010-10-06,1,0.43017602,0.569824,-0.24223971
2010-10-07,0,0.052996576,0.9470034,-0.17765799
2010-10-08,1,0.2935641,0.7064359,-0.117455766
2010-10-11,1,0.29460767,0.70539236,-0.49709517
2010-10-12,1,-0.08341762,1.0834177,-0.25947726
2010-10-13,1,-0.16196126,1.1619613,0.031548798
2010-10-14,0,-0.30106267,1.3010627,-0.26626965
2010-10-15,0,-0.051262587,1.0512626,-0.55871797
2010-10-18,1,0.18869042,0.8113096,-0.40711734
2010-10-19,0,0.44587043,0.5541296,-0.3053022
2010-10-20,1,0.20274992,0.7972501,-0.15869862
2010-10-21,1,0.25177807,0.74822193,-0.6224518
2010-10-22,0,0.2778296,0.7221704,-0.32940882
2010-10-25,1,0.010433406,0.98956656,-0.3598501
2010-10-26,1,0.43647408,0.5635259,-0.17751646
2010-10-27,0,0.13731283,0.8626872,-0.020025522
2010-10-28,0,0.08007377,0.9199262,-0.01919648
2010-10-29,1,0.046708666,0.95329136,-0.14413214
2010-11-01,1,0.35608435,0.64391565,-0.53753483
2010-11-02,1,0.24486265,0.7551373,-0.30368495
2010-11-03,1,0.119380966,0.88061905,-0.14821178
2010-11-04,1,0.4402473,0.5597527,-0.2994981
2010-11-05,1,-0.20160742,1.2016075,-0.5954919
2010-11-08,0,-0.27449876,1.2744987,-0.39066526
2010-11-09,0,0.40536946,0.59463054,-0.004316449
2010-11-10,1,0.25479746,0.74520254,-0.5615071
2010-11-11,0,-0.12194835,1.1219484,-0.9823199
2010-11-12,0,0.27355355,0.72644645,-0.14552002
2010-11-15,1,0.45380396,0.54619604,-0.36571708
2010-11-16,0,-0.22362655,1.2236266,-0.5129771
2010-11-17,0,0.4686893,0.5313107,-0.1391179
2010-11-18,1,0.09956811,0.9004319,-0.10457656
2010-11-19,1,0.20961896,0.7903811,-0.39540905
2010-11-22,0,0.57594043,0.42405957,-0.20535462
2010-11-23,0,-0.0670705,1.0670705,-0.44119194
2010-11-24,1,0.6034234,0.39657658,-0.38565812
2010-11-26,0,0.22852387,0.77147615,-0.056402028
2010-11-29,0,0.26065415,0.73934585,-0.6482383
2010-11-30,0,0.08147291,0.91852707,-0.64992857
2010-12-01,1,0.028114319,0.9718857,-0.7192844
2010-12-02,1,0.20782381,0.7921762,-0.41965863
2010-12-03,1,0.3918808,0.6081192,-0.56259656
2010-12-06,0,-0.23380864,1.2338086,-0.34748578
2010-12-07,0,0.33822274,0.66177726,-0.074505076
2010-12-08,1,-0.17923008,1.1792301,-0.43610555
2010-12-09,0,0.36674458,0.6332554,-0.01774165
2010-12-10,1,-0.01514715,1.0151472,-0.15535018
2010-12-13,1,0.22998613,0.77001387,-0.37283063
2010-12-14,1,0.341159,0.658841,-0.12025988
2010-12-15,0,0.17427963,0.82572037,-0.3596254
2010-12-16,1,0.028876498,0.9711235,-0.28883892
2010-12-17,0,0.15195149,0.8480485,-0.31241047
2010-12-20,0,0.020212572,0.9797874,-0.29815942
2010-12-21,1,0.23137029,0.7686297,-0.3968476
2010-12-22,1,-0.07206346,1.0720634,-0.21451434
2010-12-23,1,0.064119205,0.9358808,-0.4306727
2010-12-27,0,-0.09439062,1.0943906,-0.060015067
2010-12-28,1,0.048046418,0.9519536,-0.4868468
2010-12-29,1,0.4159577,0.5840423,-0.04245001
2010-12-30,0,-0.09241202,1.092412,-0.31602323
2010-12-31,1,0.2952599,0.7047401,-0.14557073
2011-01-03,1,0.3019871,0.6980129,-0.31369668
2011-01-04,1,0.3273598,0.6726402,-0.32138586
2011-01-05,1,-0.058655843,1.0586559,-0.33705932
2011-01-06,0,0.0060281754,0.9939718,-0.23555791
2011-01-07,0,0.17628181,0.8237182,0.05802667
2011-01-10,0,-0.3016079,1.3016078,-0.15172878
2011-01-11,1,0.00810197,0.99189806,-0.51673347
2011-01-12,1,-0.13492486,1.1349249,-0.86339694
2011-01-13,0,-0.041012973,1.041013,-0.36509597
2011-01-14,1,0.48501536,0.5149846,-0.10616722
2011-01-18,1,0.13583773,0.86416227,-0.31652728
2011-01-19,0,0.2962129,0.7037871,-0.34897417
2011-01-20,0,0.07168248,0.92831755,-0.34910548
2011-01-21,1,0.25123224,0.74876773,-0.5745794
2011-01-24,1,0.476076,0.523924,-0.04999411
2011-01-25,0,0.26704136,0.7329587,-0.25257587
2011-01-26,1,0.07552024,0.9244798,-0.23273984
2011-01-27,1,0.38890737,0.6110926,-0.16183883
2011-01-28,0,0.3371867,0.6628133,-0.58545744
2011-01-31,1,0.050025187,0.94997483,-0.20971522
2011-02-01,1,0.5468124,0.45318758,-0.4889937
2011-02-02,1,-0.051251665,1.0512516,0.02141951
2011-02-03,1,0.35065335,0.64934665,-0.34897012
2011-02-04,1,-0.03719434,1.0371944,-0.5237126
2011-02-07,1,-0.043198586,1.0431986,-0.30965638
2011-02-08,1,0.18787888,0.81212115,-0.63664097
2011-02-09,1,0.1677155,0.8322845,-0.61055666
2011-02-10,0,0.062000215,0.9379998,-0.5369155
2011-02-11,1,0.3418795,0.6581205,-0.3845655
2011-02-14,0,-0.07186386,1.0718639,-0.64544713
2011-02-15,0,0.24101669,0.7589833,-0.52256715
2011-02-16,1,-0.059987083,1.0599871,-0.36577904
2011-02-17,1,0.41675875,0.5832412,-0.5856223
2011-02-18,1,0.31134632,0.6886537,-0.39004385
2011-02-22,0,0.7550317,0.2449683,-0.23328708
2011-02-23,0,0.08554171,0.9144583,-0.24383083
2011-02-24,0,0.20736562,0.79263437,-0.2615549
2011-02-25,1,0.1884036,0.8115964,-0.46530086
2011-02-28,1,-0.15582906,1.1558291,0.06921273
2011-03-01,0,0.4577889,0.54221106,-0.41519436
2011-03-02,1,0.32478166,0.67521834,-0.09981111
2011-03-03,1,-0.17940685,1.1794069,-0.45779365
2011-03-04,0,0.24086273,0.7591373,-0.08277115
2011-03-07,0,0.1976751,0.8023249,-0.25546366
2011-03-08,1,0.14178598,0.858214,-0.53682363
2011-03-09,0,0.2592256,0.7407744,-0.52758276
2011-03-10,0,0.45251292,0.5474871,-0.3469631
2011-03-11,1,0.21188998,0.78811,-0.121796995
2011-03-14,0,0.39980698,0.600193,-0.33781657
2011-03-15,0,0.6959815,0.3040185,-0.11042316
2011-03-16,0,0.31765205,0.68234795,-0.48150253
2011-03-17,1,0.38165233,0.61834764,-0.19686991
2011-03-18,1,0.2827846,0.7172154,-0.32417604
2011-03-21,1,0.14206958,0.8579304,-0.47495165
2011-03-22,0,-0.12306501,1.123065,-0.25210094
2011-03-23,1,0.18955499,0.810445,-0.26109672
2011-03-24,1,0.2870526,0.71294737,-0.5976713
2011-03-25,1,0.17208052,0.8279195,0.045376897
2011-03-28,0,-0.36588258,1.3658826,-0.598116
2011-03-29,1,0.30485886,0.69514114,-0.34078687
2011-03-30,1,-0.04337728,1.0433773,-0.15610257
2011-03-31,0,0.3224261,0.6775739,-0.08350381
2011-04-01,1,-0.09898564,1.0989857,-0.426385
2011-04-04,1,0.38290414,0.6170958,-0.38845825
2011-04-05,0,0.03290358,0.96709645,-0.39062652
2011-04-06,1,0.19147688,0.8085231,-0.67119354
2011-04-07,0,0.2184352,0.78156483,-0.13520707
2011-04-08,0,0.2432374,0.7567626,-0.18985307
2011-04-11,1,0.32267165,0.67732835,-0.42263544
2011-04-12,0,0.15593222,0.8440678,-0.3614495
2011-04-13,1,0.17380735,0.8261926,-0.44152835
2011-04-14,1,0.19426927,0.8057307,-0.23977298
2011-04-15,1,0.38996965,0.61003035,-0.024301201
2011-04-18,0,0.1405255,0.8594745,-0.063371494
2011-04-19,1,0.0008154139,0.9991846,-0.13118136
2011-04-20,1,0.12676987,0.8732301,-0.30513033
2011-04-21,1,0.182619,0.817381,-0.5550525
2011-04-25,0,0.3699394,0.6300606,-0.5087902
2011-04-26,1,0.013694294,0.9863057,-0.19556698
2011-04-27,1,0.19675449,0.80324554,-0.4811901
2011-04-28,1,-0.010443628,1.0104437,-0.016833112
2011-04-29,1,0.056815527,0.9431845,-0.24411774
2011-05-02,0,-0.054813363,1.0548134,-0.098498896
2011-05-03,1,-0.08333789,1.0833379,-0.65994704
2011-05-04,0,0.10568251,0.8943175,-0.3481816
2011-05-05,0,0.3760752,0.6239248,-0.29971564
2011-05-06,1,0.5710638,0.42893618,-0.28194866
2011-05-09,1,0.2435664,0.7564336,-0.3584482
2011-05-10,1,0.2608577,0.7391423,-0.305319
2011-05-11,0,0.06890954,0.9310905,0.06736675
2011-05-12,1,0.0108952,0.9891048,-0.45148656
2011-05-13,0,-0.32030058,1.3203006,-0.14748934
2011-05-16,0,0.07988721,0.9201128,-0.39440295
2011-05-17,0,0.100872666,0.89912736,-0.42171144
2011-05-18,1,0.21919043,0.7808096,-0.17047375
2011-05-19,1,0.33528423,0.66471577,-0.19809622
2011-05-20,0,0.19829598,0.80170405,-0.4041366
2011-05-23,0,0.5895379,0.41046208,-0.48109475
2011-05-24,0,0.17785692,0.8221431,-0.2300972
2011-05-25,1,0.06989512,0.93010485,-0.7370542
2011-05-26,1,0.43478742,0.5652126,-0.17283754
2011-05-27,1,0.20743385,0.7925662,-0.40277618
2011-05-31,1,0.51285326,0.48714674,-0.6246563
2011-06-01,0,0.24124579,0.7587542,-0.17332664
2011-06-02,0,-0.30652532,1.3065253,-0.85094774
2011-06-03,0,0.35271278,0.64728725,-0.13361144
2011-06-06,0,0.3843479,0.6156521,-0.3139529
2011-06-07,0,0.14477582,0.8552242,-0.44116777
2011-06-08,0,-0.04510969,1.0451097,-0.44704834
2011-06-09,1,0.28537822,0.7146218,-0.5137049
2011-06-10,0,0.2199331,0.7800669,-0.255465
2011-06-13,1,-0.021033242,1.0210333,-0.51116586
2011-06-14,1,0.41329247,0.58670753,-0.5881282
2011-06-15,0,0.20411319,0.7958868,-0.8636938
2011-06-16,1,0.2075862,0.79241383,-0.25122875
2011-06-17,1,-0.15142709,1.151427,-0.18678044
2011-06-20,1,0.065734416,0.9342656,-0.09706087
2011-06-21,1,0.25304335,0.74695665,-0.09762596
2011-06-22,0,0.4506597,0.5493403,-0.27462763
2011-06-23,0,0.39309818,0.6069018,-0.3650036
2011-06-24,0,0.16960998,0.83039004,-0.22718655
2011-06-27,1,-0.29581574,1.2958157,-0.3527919
2011-06-28,1,-0.15136166,1.1513617,-0.45128405
2011-06-29,1,0.28934956,0.71065044,-0.51414317
2011-06-30,1,0.18224594,0.81775403,-0.42687926
2011-07-01,1,0.13085908,0.8691409,0.007791996
2011-07-05,0,-0.1759157,1.1759157,-0.16653198
2011-07-06,1,0.4286223,0.5713777,-0.35854357
2011-07-07,1,0.21411705,0.78588295,-0.35993564
2011-07-08,0,0.11912571,0.8808743,-0.14918607
2011-07-11,0,0.24250412,0.7574959,-0.22104941
2011-07-12,0,0.1799781,0.82002187,-0.5017118
2011-07-13,1,0.2456344,0.75436556,-0.26558554
2011-07-14,0,0.17214096,0.82785904,-0.254633
2011-07-15,1,0.59884036,0.40115964,-0.35228774
2011-07-18,0,0.4699827,0.53001726,-0.11413649
2011-07-19,1,-0.07927506,1.079275,-0.49250245
2011-07-20,0,0.15066865,0.8493314,-0.30902615
2011-07-21,1,0.122771785,0.8772282,-0.36670196
2011-07-22,0,-0.04035493,1.040355,-0.09923495
2011-07-25,0,-0.1599094,1.1599094,-0.09882678
2011-07-26,0,0.4174474,0.5825526,-0.45015794
2011-07-27,0,0.006849557,0.9931505,-0.3062086
2011-07-28,0,-0.00076268613,1.0007627,-0.4601187
2011-07-29,0,0.040169477,0.9598305,-0.85338765
2011-08-01,0,-0.08941579,1.0894158,-0.2311194
2011-08-02,0,0.3727776,0.6272224,-0.11045432
2011-08-03,1,0.14359653,0.85640347,-0.5638129
2011-08-04,0,0.40876392,0.5912361,-0.42729396
2011-08-05,1,0.20405605,0.795944,-0.17469746
2011-08-08,0,0.29033124,0.70966876,-0.23871306
2011-08-09,1,0.1104462,0.8895538,-0.59834826
2011-08-10,0,-0.027836382,1.0278363,-0.60093224
2011-08-11,1,0.11748472,0.8825153,-0.29851165
2011-08-12,1,0.102128655,0.8978714,-0.42631975
2011-08-15,1,0.1047443,0.8952557,-0.2993597
2011-08-16,0,-0.11042888,1.1104289,-0.18851638
2011-08-17,1,0.15742262,0.8425774,0.07175818
2011-08-18,0,0.40307295,0.59692705,-0.20787546
2011-08-19,0,0.2070981,0.7929019,-0.36121014
2011-08-22,1,0.3879826,0.6120174,0.0057714283
2011-08-23,1,0.29206115,0.70793885,-0.0797793
2011-08-24,1,0.11151825,0.88848174,-0.10890314
2011-08-25,0,0.29763258,0.7023674,-0.14530662
2011-08-26,1,0.08030672,0.9196933,-0.80836284
2011-08-29,1,0.3108365,0.6891635,-0.33325744
2011-08-30,1,-0.11122514,1.1112251,-0.32169455
2011-08-31,1,-0.04910429,1.0491043,-0.006630644
2011-09-01,0,0.27323008,0.7267699,-0.14512745
2011-09-02,0,0.4375035,0.56249654,-0.41898486
2011-09-06,0,0.5953617,0.4046383,-0.19401217
2011-09-07,1,-0.041815773,1.0418158,-0.49136382
2011-09-08,0,-0.029193833,1.0291939,-0.41523844
2011-09-09,0,-0.18449648,1.1844965,-0.16554321
2011-09-12,1,0.27064714,0.72935283,-0.17945154
2011-09-13,1,0.23780036,0.76219964,-0.54458404
2011-09-14,1,0.4739394,0.5260606,-0.8002141
2011-09-15,1,0.008981824,0.9910182,-0.07274085
2011-09-16,1,0.06248498,0.937515,-0.31031257
2011-09-19,0,-0.25518072,1.2551807,-0.069404125
2011-09-20,1,0.7349077,0.2650923,-0.6242341
2011-09-21,0,0.7099119,0.29008812,-0.29295948
2011-09-22,0,0.027848475,0.9721515,-0.06295706
2011-09-23,1,0.07360457,0.9263954,-0.14912376
2011-09-26,1,0.07331875,0.9266813,-0.15820852
2011-09-27,1,0.37403792,0.6259621,-0.06102705
2011-09-28,0,0.04328282,0.9567172,-0.7278078
2011-09-29,1,0.030885458,0.96911454,-0.2940479
2011-09-30,0,0.30370706,0.69629294,0.3576682
2011-10-03,0,0.33033875,0.6696613,-0.39201432
2011-10-04,1,0.16272719,0.8372728,-0.27860254
2011-10-05,1,0.35723993,0.64276004,-0.28811464
2011-10-06,1,0.33971402,0.66028595,-0.04460901
2011-10-07,0,0.1593219,0.8406781,-0.2877912
2011-10-10,1,-0.0076107383,1.0076108,-0.34379792
2011-10-11,0,0.45579734,0.5442027,-0.008869633
2011-10-12,1,0.3109343,0.6890657,-0.35442027
2011-10-13,0,0.14483309,0.8551669,-0.500057
2011-10-14,1,0.15797403,0.842026,-0.38066426
2011-10-17,0,0.15318188,0.8468181,-0.26343185
2011-10-18,1,0.31378663,0.6862134,-0.07029648
2011-10-19,0,-0.106195904,1.1061959,-0.5129869
2011-10-20,1,0.17734455,0.82265544,-0.35188285
2011-10-21,1,0.23498163,0.76501834,-0.61588174
2011-10-24,1,-0.051830143,1.0518302,-0.9609839
2011-10-25,0,0.24409568,0.7559043,-0.09884155
2011-10-26,1,0.03465257,0.9653474,-0.5160369
2011-10-27,1,0.12911484,0.87088513,-0.42495894
2011-10-28,1,-0.25491846,1.2549185,0.097054094
2011-10-31,0,0.16292182,0.8370782,-0.47959426
2011-11-01,0,0.38251156,0.61748844,-0.53399396
2011-11-02,1,0.27400768,0.7259923,-0.53740805
2011-11-03,1,-0.07756695,1.077567,-0.15193741
2011-11-04,0,0.75881726,0.24118274,-0.10432631
2011-11-07,1,0.6956692,0.30433083,-0.670043
2011-11-08,1,0.3692568,0.6307432,-0.34673902
2011-11-09,0,-0.20734431,1.2073443,-0.4610819
2011-11-10,1,0.21890336,0.78109664,-0.24409914
2011-11-11,1,-0.049353458,1.0493535,0.04427971
2011-11-14,0,0.44466788,0.5553321,-0.3643057
2011-11-15,1,-0.19176996,1.19177,-0.17864662
2011-11-16,0,0.49570733,0.50429267,-0.5869855
2011-11-17,0,0.08686899,0.913131,-0.09874597
2011-11-18,1,0.16107768,0.8389223,-0.1360792
2011-11-21,0,0.26412567,0.7358743,-0.15181284
2011-11-22,0,-0.09297287,1.0929729,-0.09184258
2011-11-23,0,-0.11160535,1.1116054,-0.4315807
2011-11-25,0,0.19736212,0.8026379,-0.59977686
2011-11-28,1,0.073515415,0.9264846,-0.26350975
2011-11-29,1,0.20593438,0.7940656,-0.61561155
2011-11-30,1,0.527638,0.47236198,-0.40124023
2011-12-01,0,0.3264605,0.6735395,-0.2572698
2011-12-02,0,0.39389792,0.6061021,-0.052845106
2011-12-05,1,-0.10212829,1.1021283,-0.35813838
2011-12-06,1,0.16038698,0.839613,-0.25032362
2011-12-07,1,-0.05606179,1.0560617,-0.6738163
2011-12-08,0,0.21450275,0.78549725,-0.45286602
2011-12-09,1,-0.014582574,1.0145826,-0.21964529
2011-12-12,0,-0.11816934,1.1181693,-0.20549895
2011-12-13,0,0.5157443,0.48425567,-0.5521019
2011-12-14,0,0.5412084,0.4587916,-0.21774915
2011-12-15,1,0.60349804,0.39650196,-0.14564162
2011-12-16,0,0.3321763,0.6678237,-0.44758397
2011-12-19,0,0.2675447,0.7324553,-0.4399305
2011-12-20,1,0.66132236,0.33867764,-0.26975253
2011-12-21,1,0.3533147,0.6466853,-0.09069963
2011-12-22,1,0.050502673,0.94949734,-0.35371435
2011-12-23,1,-0.15843587,1.1584358,0.10644625
2011-12-27,0,0.19563404,0.804366,-0.3386655
2011-12-28,0,0.05631508,0.94368494,-0.31716722
2011-12-29,1,0.4403687,0.5596313,-0.20494035
2011-12-30,0,0.09381732,0.90618265,-0.37486255
2012-01-03,1,-0.047746025,1.0477461,-0.17609687
2012-01-04,1,0.08094224,0.9190577,-0.545879
2012-01-05,0,-0.13021076,1.1302108,-0.48214704
2012-01-06,0,0.21014202,0.789858,-0.44386625
2012-01-09,1,0.33265543,0.66734457,-0.39731398
2012-01-10,1,0.34287846,0.65712154,-0.56486917
2012-01-11,0,0.39824933,0.6017507,-0.17471266
2012-01-12,1,0.4058092,0.59419084,-0.486225
2012-01-13,0,-0.10044971,1.1004497,-0.2677146
2012-01-17,1,0.43889907,0.56110096,0.18437326
2012-01-18,1,0.1974669,0.8025331,-0.2903818
2012-01-19,1,-0.115376174,1.1153762,-0.36927277
2012-01-20,1,0.1941222,0.8058778,-0.45460546
2012-01-23,0,0.37753102,0.62246895,-0.16738772
2012-01-24,0,-0.043800324,1.0438004,0.249655
2012-01-25,1,0.32152086,0.67847914,-0.4685886
2012-01-26,0,0.2655874,0.7344126,-0.510895
2012-01-27,0,-0.21856096,1.2185609,-0.3883398
2012-01-30,0,0.24493834,0.7550616,-0.44933742
2012-01-31,0,-0.1083603,1.1083603,-0.2027398
2012-02-01,1,0.43065614,0.56934386,-0.3659608
2012-02-02,0,-0.13024992,1.13025,-0.39562422
2012-02-03,1,-0.086665,1.086665,-0.4077704
2012-02-06,0,0.49033862,0.5096614,-0.6838453
2012-02-07,1,0.11678535,0.88321465,-0.24495223
2012-02-08,1,-0.09706329,1.0970633,-0.17768301
2012-02-09,1,0.18065372,0.8193463,-0.54484755
2012-02-10,0,0.45929268,0.54070735,-0.42743528
2012-02-13,1,0.34190533,0.65809464,-0.40780222
2012-02-14,1,0.3006771,0.69932294,0.040272623
2012-02-15,0,0.2473875,0.7526125,-0.13993625
2012-02-16,1,-0.20829411,1.2082942,-0.42023507
2012-02-17,1,0.19590028,0.80409974,-0.17269418
2012-02-21,1,0.038790733,0.9612093,-0.7877473
2012-02-22,0,-0.07269895,1.072699,-0.33976388
2012-02-23,1,0.5185085,0.4814915,-0.37721938
2012-02-24,0,0.035080343,0.9649197,-0.79030466
2012-02-27,0,-0.1788796,1.1788796,-0.5942368
2012-02-28,1,-0.03112197,1.031122,-0.4856484
2012-02-29,0,0.054785073,0.9452149,-0.3082899
2012-03-01,1,0.017090585,0.98290944,-0.42732206
2012-03-02,0,0.3674937,0.6325063,-0.6137519
2012-03-05,0,-0.07808999,1.07809,-0.46137297
2012-03-06,0,-0.059857003,1.059857,-0.28673285
2012-03-07,1,0.32695538,0.6730446,-0.33721805
2012-03-08,1,-0.08177078,1.0817708,0.064173505
2012-03-09,1,0.31770757,0.68229246,-0.6398343
2012-03-12,1,0.07047878,0.9295212,0.40107447
2012-03-13,1,0.26007625,0.7399237,-0.19254632
2012-03-14,1,-0.2967449,1.296745,-0.6502596
2012-03-15,1,-0.3470928,1.3470929,-0.50616187
2012-03-16,0,0.29826945,0.70173055,-0.46566546
2012-03-19,1,-0.21909383,1.2190938,-0.12428498
2012-03-20,0,0.03549286,0.96450716,-0.53621566
2012-03-21,0,0.1512464,0.8487536,-0.10372434
2012-03-22,0,0.12768437,0.87231565,-0.37823206
2012-03-23,1,0.010277152,0.98972285,-0.45478427
2012-03-26,1,0.09041488,0.9095851,-0.058993414
2012-03-27,0,0.48778254,0.51221746,-0.32297885
2012-03-28,0,-0.1750609,1.1750609,-0.14058301
2012-03-29,1,0.021917999,0.978082,-0.45380902
2012-03-30,1,0.046643347,0.9533566,-0.6764388
2012-04-02,1,-0.2717204,1.2717204,-0.3155235
2012-04-03,0,0.3466593,0.6533407,-0.12444754
2012-04-04,0,0.23401755,0.76598245,-0.23975053
2012-04-05,0,0.4902749,0.5097251,-0.14269182
2012-04-09,0,0.0021395385,0.99786043,-0.20476079
2012-04-10,0,-0.013863757,1.0138638,-0.36773646
2012-04-11,1,-0.03247823,1.0324782,-0.1103124
2012-04-12,1,0.29705182,0.7029482,-0.10752405
2012-04-13,0,0.32814407,0.6718559,-0.6663991
2012-04-16,1,-0.029472351,1.0294724,-0.19059978
2012-04-17,1,-0.35416132,1.3541613,-0.15296566
2012-04-18,0,-0.32227182,1.3222718,-0.45455733
2012-04-19,0,-0.2696834,1.2696834,-0.7922427
2012-04-20,1,0.45301205,0.54698795,-0.059274673
2012-04-23,0,0.0880637,0.9119363,-0.14572199
2012-04-24,1,0.31461295,0.685387,-0.08354762
2012-04-25,1,0.2506129,0.7493871,-0.40435752
2012-04-26,1,0.13082018,0.86917984,-0.33629763
2012-04-27,1,-0.10778546,1.1077855,-0.6142866
2012-04-30,0,0.13543934,0.86456066,-0.5774761
2012-05-01,1,0.075627536,0.92437243,-0.53815746
2012-05-02,0,0.03371367,0.9662863,-0.13959435
2012-05-03,0,0.020056441,0.9799436,-0.53960973
2012-05-04,0,0.16920865,0.83079135,-0.50462854
2012-05-07,0,0.06764318,0.93235683,-0.4883322
2012-05-08,0,0.22070521,0.7792948,-0.4685169
2012-05-09,0,0.37948942,0.6205106,-0.090083204
2012-05-10,1,0.39219344,0.60780656,-0.29522583
2012-05-11,0,0.2956673,0.7043327,-0.03589894
2012-05-14,0,0.049315736,0.95068425,-0.54344475
2012-05-15,0,0.31585166,0.6841483,-0.22041145
2012-05-16,0,0.018253729,0.98174626,-0.7702471
2012-05-17,0,0.15944187,0.8405581,-0.03602512
2012-05-18,0,0.42876536,0.57123464,-0.6609183
2012-05-21,1,0.5938314,0.40616858,-0.83494496
2012-05-22,0,0.14382058,0.8561794,-0.20089471
2012-05-23,0,0.0015753321,0.99842465,-0.1585817
2012-05-24,1,0.46697968,0.5330203,-0.28319776
2012-05-25,0,0.18701866,0.81298137,-0.41673517
2012-05-29,1,-0.115816236,1.1158162,-0.13879496
2012-05-30,0,0.20043327,0.79956675,-0.47768041
2012-05-31,0,-0.034294665,1.0342946,-0.43109268
2012-06-01,0,0.17743349,0.8225665,-0.25895238
2012-06-04,0,0.27002603,0.729974,-0.23736814
2012-06-05,1,0.15756558,0.8424344,-0.4179078
2012-06-06,1,0.38741842,0.6125816,-0.5373159
2012-06-07,1,0.042244047,0.9577559,-0.4047232
2012-06-08,1,0.114682645,0.8853173,-0.176392
2012-06-11,0,0.6100687,0.38993132,-0.11375889
2012-06-12,1,0.038738325,0.9612617,-0.6973394
2012-06-13,0,-0.08435708,1.084357,-0.373534
2012-06-14,1,-0.11102538,1.1110253,-0.29240137
2012-06-15,1,0.34318882,0.6568112,-0.35721773
2012-06-18,0,0.46210495,0.5378951,-0.036997914
2012-06-19,1,0.15706268,0.84293735,-0.42194512
2012-06-20,0,0.15681951,0.8431805,-0.41186494
2012-06-21,0,0.47825745,0.5217426,-0.5307877
2012-06-22,1,-0.16016173,1.1601617,-0.075762734
2012-06-25,0,0.33397233,0.66602767,-0.59165406
2012-06-26,1,0.117422074,0.8825779,-0.50330085
2012-06-27,1,0.15695642,0.84304357,-0.043251827
2012-06-28,0,0.37088424,0.62911576,-0.17047952
2012-06-29,1,0.28056607,0.7194339,-0.27544796
2012-07-02,0,0.07453582,0.92546415,-0.28012145
2012-07-03,1,0.46188712,0.5381129,0.07863346
2012-07-05,0,0.42946923,0.5705308,-0.65792143
2012-07-06,0,0.26525137,0.7347486,-0.3282073
2012-07-09,0,-0.120333485,1.1203334,-0.32406786
2012-07-10,0,-0.013728742,1.0137287,0.04194951
2012-07-11,0,0.3143794,0.6856206,-0.0886638
2012-07-12,0,0.06468707,0.9353129,-0.47211093
2012-07-13,1,0.3638752,0.6361248,-0.26266024
2012-07-16,0,0.15957743,0.8404226,-0.25748748
2012-07-17,1,0.49108922,0.5089108,-0.5324696
2012-07-18,1,0.37542167,0.62457836,-0.31111774
2012-07-19,1,0.28110737,0.71889263,0.06092502
2012-07-20,0,-0.21615194,1.216152,-0.6813693
2012-07-23,0,0.0021713227,0.99782866,-0.38731658
2012-07-24,0,-0.09008814,1.0900881,0.03660184
2012-07-25,1,0.25915065,0.7408494,-0.062847584
2012-07-26,1,0.0124643,0.9875357,-0.124809414
2012-07-27,1,0.16158655,0.8384135,-0.28173286
2012-07-30,0,0.054654516,0.94534546,-0.37136865
2012-07-31,0,-0.065422624,1.0654227,-0.5250372
2012-08-01,0,0.30595338,0.6940466,-0.19102086
2012-08-02,0,-0.03112226,1.0311222,-0.51737034
2012-08-03,1,0.54837286,0.45162714,-0.3934317
2012-08-06,1,0.3657487,0.6342513,-0.31580445
2012-08-07,1,0.09722547,0.9027745,-0.48304206
2012-08-08,1,0.03765104,0.96234894,-0.11176622
2012-08-09,0,0.50915426,0.49084574,0.022154659
2012-08-10,1,0.2662984,0.7337016,-0.54186046
2012-08-13,0,0.19818905,0.801811,-0.6595246
2012-08-14,1,0.026906341,0.9730936,-0.44879523
2012-08-15,0,0.24703681,0.7529632,-0.26205736
2012-08-16,1,0.24813831,0.7518617,-0.6339686
2012-08-17,1,-0.0492751,1.0492752,-0.29157645
2012-08-20,0,0.32623234,0.6737677,-0.2151221
2012-08-21,0,0.13209592,0.86790407,-0.50090885
2012-08-22,0,-0.045684114,1.0456841,-0.42109555
2012-08-23,0,0.17292264,0.8270774,-0.585557
2012-08-24,1,0.16905062,0.83094937,-0.13866974
2012-08-27,0,0.49344757,0.50655246,-0.0817813
2012-08-28,0,0.5210229,0.47897708,-0.5298836
2012-08-29,1,0.21855539,0.7814446,0.14680466
2012-08-30,0,0.1845136,0.81548643,-0.32678628
2012-08-31,1,-0.12279458,1.1227946,-0.3684271
2012-09-04,0,0.2400745,0.7599255,-0.320948
2012-09-05,1,0.30912352,0.6908765,-0.21556467
2012-09-06,1,0.3398014,0.66019857,-0.6667638
2012-09-07,1,0.30713096,0.69286907,-0.06637469
2012-09-10,0,0.2711469,0.7288531,-0.32920417
2012-09-11,1,0.35965466,0.64034534,-0.8127348
2012-09-12,1,0.2917021,0.7082979,-0.44375435
2012-09-13,1,-0.012365609,1.0123656,-0.054823667
2012-09-14,1,-0.07595079,1.0759507,-0.3291611
2012-09-17,0,0.41380697,0.586193,-0.16602162
2012-09-18,1,0.03801787,0.96198213,-0.27787104
2012-09-19,1,0.08913895,0.9108611,-0.5637013
2012-09-20,1,0.2984282,0.7015718,-0.26505494
2012-09-21,0,0.2882601,0.7117399,0.005438626
2012-09-24,0,0.23663026,0.76336974,-0.07737693
2012-09-25,0,0.09924743,0.90075254,-0.12609293
2012-09-26,0,-0.074690014,1.07469,-0.2607966
2012-09-27,1,0.5551953,0.44480473,-0.5624479
2012-09-28,0,0.07418108,0.9258189,-0.19966489
2012-10-01,1,-0.09857023,1.0985702,-0.5101985
2012-10-02,0,0.17614344,0.8238566,-1.0943813
2012-10-03,1,0.52260226,0.47739774,-0.09626366
2012-10-04,1,0.10929814,0.8907019,-0.23709954
2012-10-05,1,0.080090016,0.91990995,-0.64830863
2012-10-08,0,0.5126759,0.48732412,-0.4133888
2012-10-09,0,0.085698694,0.9143013,-0.12625232
2012-10-10,0,0.6723244,0.32767558,-0.6399909
2012-10-11,0,0.06346223,0.93653774,-0.27280167
2012-10-12,1,0.20596173,0.7940383,-0.25713405
2012-10-15,1,0.2672761,0.7327239,-0.52212214
2012-10-16,1,0.31709886,0.68290114,-0.5767613
2012-10-17,1,0.24504079,0.7549592,-0.29621992
2012-10-18,0,0.043307602,0.9566924,-0.10618493
2012-10-19,0,0.2822727,0.7177273,-0.3998772
2012-10-22,1,0.15027155,0.84972847,-0.107456475
2012-10-23,0,0.14194511,0.8580549,-0.11998288
2012-10-24,0,0.07633967,0.92366034,-0.16325206
2012-10-25,1,-0.06432776,1.0643277,-0.21799077
2012-10-26,1,0.21594335,0.78405666,-0.2086522
2012-10-31,0,0.06624353,0.9337565,-0.55005705
2012-11-01,1,0.11717935,0.88282067,-0.53395265
2012-11-02,0,0.30724075,0.6927593,-0.06381844
2012-11-05,1,-0.34024763,1.3402476,-0.037185647
2012-11-06,1,0.31598738,0.68401265,-0.14868572
2012-11-07,0,0.12545705,0.87454295,-0.5689572
2012-11-08,0,0.33741927,0.6625807,-0.45818365
2012-11-09,1,0.1294178,0.8705822,-0.16497195
2012-11-12,0,0.016706824,0.9832932,-0.44562563
2012-11-13,0,0.32735768,0.67264235,-0.38386187
2012-11-14,0,0.36841848,0.63158154,-0.09539366
2012-11-15,0,-0.017882869,1.0178828,-0.30563802
2012-11-16,1,-0.13563292,1.1356329,-0.45614746
2012-11-19,1,0.34668627,0.65331376,-0.16493884
2012-11-20,0,0.5466353,0.45336467,-0.31938872
2012-11-21,1,0.11166915,0.8883308,-0.120753825
2012-11-23,1,0.17031239,0.8296876,-0.39027026
2012-11-26,0,0.13951251,0.86048746,-0.22912562
2012-11-27,0,0.03475841,0.9652416,-0.09939
2012-11-28,1,0.41468227,0.58531773,-0.34104544
2012-11-29,1,-0.27036047,1.2703605,-0.52476156
2012-11-30,1,0.40622437,0.59377563,-0.35181984
2012-12-03,0,0.09732592,0.9026741,-0.40602508
2012-12-04,0,0.39308593,0.60691404,-0.4407497
2012-12-05,1,0.39667737,0.6033226,-0.42272246
2012-12-06,1,0.124752805,0.8752472,-0.5734701
2012-12-07,1,-0.004734546,1.0047345,-0.7175049
2012-12-10,1,0.38610268,0.6138973,0.017334446
2012-12-11,1,0.008998141,0.99100184,-0.08280775
2012-12-12,0,0.11176516,0.88823485,-0.2989381
2012-12-13,0,0.27030414,0.72969586,-0.3855554
2012-12-14,0,0.49099305,0.509007,-0.40366897
2012-12-17,1,-0.23998046,1.2399805,-0.41975817
2012-12-18,1,-0.004415393,1.0044154,-0.31987137
2012-12-19,0,0.36609322,0.6339068,-0.65282005
2012-12-20,1,-0.2582518,1.2582518,0.14912261
2012-12-21,0,0.48452365,0.51547635,0.07945737
2012-12-24,0,0.21528,0.78472,-0.037155032
2012-12-26,0,0.11838977,0.8816102,-0.6973587
2012-12-27,0,-0.14198539,1.1419854,-0.15587665
2012-12-28,0,0.10569592,0.8943041,-0.12758842
2012-12-31,1,0.37694353,0.6230565,-0.26054108
2013-01-02,1,-0.19222939,1.1922294,-0.074524626
2013-01-03,0,0.17151034,0.82848966,-0.53279823
2013-01-04,1,0.34059906,0.65940094,-0.5110574
2013-01-07,0,0.19036932,0.8096307,-0.6487337
2013-01-08,0,0.282434,0.717566,0.2537445
2013-01-09,1,0.10281971,0.8971803,-0.08975081
2013-01-10,1,0.45908993,0.54091007,-0.27678746
2013-01-11,1,0.18029797,0.819702,-0.30880058
2013-01-14,1,0.50837576,0.49162424,-0.51979876
2013-01-15,1,-0.104117855,1.1041179,-0.4123822
2013-01-16,0,0.27413976,0.72586024,-0.3838942
2013-01-17,1,0.14452103,0.855479,-0.48901838
2013-01-18,1,-0.27842608,1.278426,-0.48145714
2013-01-22,1,0.1985848,0.8014152,-0.42765984
2013-01-23,1,0.04328662,0.9567134,-0.18716353
2013-01-24,1,0.072229505,0.9277705,-0.29307434
2013-01-25,1,0.089202166,0.91079783,-0.32799983
2013-01-28,0,0.016947329,0.9830527,-0.27514875
2013-01-29,1,-0.14598212,1.1459821,0.12329427
2013-01-30,0,0.3786347,0.6213653,-0.5107168
2013-01-31,0,-0.15917194,1.1591719,-0.45689288
2013-02-01,1,0.10975073,0.89024925,-0.37482262
2013-02-04,0,0.20318955,0.79681045,-0.6034102
2013-02-05,1,0.06990674,0.9300933,-0.12538022
2013-02-06,1,0.13622524,0.8637748,-0.78243953
2013-02-07,0,0.3516792,0.6483208,-0.0948523
2013-02-08,1,0.4561244,0.5438756,-0.43025988
2013-02-11,0,0.14462848,0.85537153,-0.24967918
2013-02-12,1,0.08855808,0.9114419,0.0112377405
2013-02-13,0,0.30584666,0.6941533,-0.52721125
2013-02-14,0,-0.061462343,1.0614624,0.0094180405
2013-02-15,1,0.42765647,0.5723435,-0.31929058
2013-02-19,1,0.6932776,0.3067224,-0.31547055
2013-02-20,0,0.34175253,0.6582475,0.18377912
2013-02-21,0,0.26454264,0.73545736,-0.37751648
2013-02-22,1,0.20640777,0.7935922,-0.0044281483
2013-02-25,0,0.24940675,0.75059325,-0.23601761
2013-02-26,1,0.13757429,0.8624257,-0.29550982
2013-02-27,1,-0.115798324,1.1157984,-0.10983944
2013-02-28,0,-0.03930556,1.0393056,-0.4166376
2013-03-01,1,0.09225409,0.9077459,0.0064643472
2013-03-04,1,0.018673584,0.9813264,-0.42708832
2013-03-05,1,0.33191806,0.66808194,0.21081296
2013-03-06,1,0.057556495,0.9424435,-0.3628686
2013-03-07,1,0.18435657,0.8156434,-0.30853152
2013-03-08,1,0.18110648,0.81889355,-0.0023611337
2013-03-11,1,0.1368005,0.8631995,-0.45269775
2013-03-12,1,0.38055363,0.6194464,0.11719464
2013-03-13,1,0.09150386,0.90849614,-0.62326205
2013-03-14,1,0.23238641,0.7676136,-0.013460055
2013-03-15,0,-0.04189998,1.0418999,-0.2641014
2013-03-18,0,0.0054162666,0.9945837,-0.27325818
2013-03-19,1,0.4464336,0.5535664,-0.43574643
2013-03-20,1,0.35909227,0.64090776,-0.14216283
2013-03-21,0,-0.09823837,1.0982383,-0.328013
2013-03-22,1,0.8283839,0.17161608,-0.010496259
2013-03-25,0,-0.06884741,1.0688474,-0.11731161
2013-03-26,1,0.22207482,0.7779252,-0.29384035
2013-03-27,0,0.16633865,0.8336613,-0.42069232
2013-03-28,1,0.44001138,0.5599886,-0.2621878
2013-04-01,0,0.510591,0.48940903,-0.43280244
2013-04-02,1,0.54602647,0.45397353,-0.33250356
2013-04-03,0,0.45207515,0.5479249,-0.26571354
2013-04-04,1,0.36946213,0.63053787,-0.33340368
2013-04-05,0,0.29967663,0.70032334,-0.5036283
2013-04-08,1,0.19674693,0.80325305,-0.44661233
2013-04-09,1,0.08003624,0.9199638,-0.5426366
2013-04-10,1,-0.10818565,1.1081856,-0.3586833
2013-04-11,1,0.39764288,0.60235715,-0.24549729
2013-04-12,0,0.24488482,0.75511515,-0.35529733
2013-04-15,0,0.071172595,0.9288274,-0.07479431
2013-04-16,1,0.018460572,0.9815394,-0.37534785
2013-04-17,0,0.5838144,0.41618562,-0.40414408
2013-04-18,0,0.11237786,0.8876221,-0.5290275
2013-04-19,1,0.7572657,0.24273431,-0.81295234
2013-04-22,1,0.01469183,0.9853082,-0.103387915
2013-04-23,1,0.11305101,0.886949,-0.31920293
2013-04-24,0,0.29267466,0.70732534,-0.078613356
2013-04-25,1,0.22257984,0.77742016,0.006008856
2013-04-26,1,0.028912015,0.971088,-0.080546215
2013-04-29,1,0.3085805,0.6914195,-0.48609498
2013-04-30,1,0.25475395,0.74524605,-0.90048194
2013-05-01,0,0.13970257,0.86029744,-0.6600775
2013-05-02,1,0.012494355,0.9875057,-0.31638035
2013-05-03,1,0.18863411,0.8113659,-0.3559206
2013-05-06,0,0.039660454,0.96033955,-0.015749991
2013-05-07,1,0.07384722,0.92615277,-0.38364112
2013-05-08,1,0.16769388,0.83230615,-0.4142006
2013-05-09,0,0.010387719,0.9896123,-0.49252218
2013-05-10,1,0.18394297,0.816057,-0.35529375
2013-05-13,0,-0.07568219,1.0756822,-0.27277905
2013-05-14,1,0.20278361,0.7972164,-0.07552588
2013-05-15,1,0.31222308,0.6877769,-0.5370701
2013-05-16,0,0.5561527,0.4438473,-0.2277729
2013-05-17,1,0.19020098,0.809799,-0.050300896
2013-05-20,0,-0.16314071,1.1631408,-0.26929736
2013-05-21,1,0.060469747,0.93953025,-0.34354806
2013-05-22,0,0.67664206,0.32335794,-0.9195566
2013-05-23,0,-0.09442991,1.09443,-0.16034558
2013-05-24,1,-0.23528506,1.235285,-0.48458397
2013-05-28,1,0.11480942,0.8851906,-0.6694998
2013-05-29,0,0.043311983,0.95668805,-0.9252528
2013-05-30,1,-0.069927596,1.0699276,-0.0030157268
2013-05-31,0,0.4027459,0.5972541,-0.8611103
2013-06-03,1,0.53447014,0.46552986,-0.46516156
2013-06-04,0,-0.20682111,1.2068211,-0.2789827
2013-06-05,0,0.24099432,0.75900567,-0.27810746
2013-06-06,1,-0.13029213,1.1302922,-0.29742044
2013-06-07,1,0.02069372,0.9793063,0.0032753572
2013-06-10,0,0.17406309,0.8259369,-0.5865971
2013-06-11,0,0.07446867,0.9255313,-0.28413194
2013-06-12,0,-0.13998702,1.139987,-0.26355627
2013-06-13,1,0.38035125,0.61964875,-0.22598225
2013-06-14,0,0.4210903,0.5789097,-0.36832199
2013-06-17,1,0.3968755,0.6031245,-0.25829756
2013-06-18,1,0.1459189,0.8540811,-0.46089172
2013-06-19,0,0.12621298,0.87378705,-0.33373958
2013-06-20,0,0.063133955,0.93686604,-0.19430912
2013-06-21,1,0.3359987,0.6640013,-0.3959543
2013-06-24,0,0.2696418,0.73035824,-0.3012017
2013-06-25,1,-0.20955732,1.2095573,-0.32740876
2013-06-26,1,0.5293189,0.47068107,-0.584418
2013-06-27,1,0.44408885,0.5559112,-0.5120951
2013-06-28,0,0.38974035,0.61025965,0.26479697
2013-07-01,1,0.31381845,0.68618155,-0.5679523
2013-07-02,0,0.15523991,0.84476006,-0.2547016
2013-07-03,1,0.13577634,0.86422366,-0.7976833
2013-07-05,1,-0.14095755,1.1409576,-0.6262288
2013-07-08,1,0.28005123,0.71994877,-0.8888437
2013-07-09,1,0.12526649,0.8747335,-0.21963316
2013-07-10,0,0.009606525,0.99039346,-0.16778675
2013-07-11,1,0.034560874,0.96543914,-0.46420783
2013-07-12,1,0.43795282,0.5620472,-0.25975418
2013-07-15,1,0.29540437,0.7045956,-0.53532153
2013-07-16,0,0.08123718,0.9187628,-0.51762724
2013-07-17,1,-0.30675048,1.3067505,-0.2098809
2013-07-18,1,0.32585448,0.6741455,-0.43597126
2013-07-19,0,0.15045315,0.84954685,-0.25225738
2013-07-22,1,0.37653252,0.62346745,-0.25338864
2013-07-23,1,0.12975508,0.8702449,-0.45388088
2013-07-24,0,0.60689783,0.39310217,-0.13079135
2013-07-25,1,0.45810804,0.54189193,-0.44770905
2013-07-26,1,-0.057012163,1.0570122,-0.4605973
2013-07-29,0,0.50538325,0.49461675,-0.14019962
2013-07-30,0,0.20114177,0.7988582,-0.05443403
2013-07-31,0,0.3228163,0.6771837,-0.259169
2013-08-01,1,0.17521332,0.82478666,-0.4166705
2013-08-02,1,0.2854418,0.71455824,-0.35810816
2013-08-05,0,0.056597263,0.94340277,-0.14493626
2013-08-06,0,-0.0040940642,1.0040941,-0.09515186
2013-08-07,0,0.20490916,0.79509085,-0.12326366
2013-08-08,1,-0.0064948797,1.0064949,-0.43032464
2013-08-09,0,-0.12218289,1.1221828,-1.0178751
2013-08-12,0,0.031001642,0.9689984,-0.558564
2013-08-13,1,0.34934548,0.65065455,-0.36812037
2013-08-14,0,0.013702035,0.98629797,0.045826524
2013-08-15,0,-0.10795402,1.107954,-0.35859823
2013-08-16,0,0.11721039,0.8827896,-0.60324526
2013-08-19,0,0.3545333,0.6454667,-0.17202044
2013-08-20,0,0.2654294,0.7345706,-0.2346035
2013-08-21,0,0.18255384,0.8174462,-0.27085748
2013-08-22,1,0.12663908,0.87336093,-0.26092178
2013-08-23,1,-0.12899075,1.1289908,-0.37519547
2013-08-26,0,0.38135934,0.61864066,-0.41706622
2013-08-27,0,0.1189096,0.8810904,-0.1833393
2013-08-28,1,0.059310965,0.940689,-0.26324365
2013-08-29,1,-0.13690548,1.1369054,-0.17039531
2013-08-30,0,0.21403545,0.78596455,-0.13684198
2013-09-03,1,0.08513869,0.9148613,-0.5166889
2013-09-04,1,0.24618335,0.75381666,-0.14520425
2013-09-05,1,0.09346144,0.90653855,-0.3766284
2013-09-06,0,0.029095054,0.97090495,-0.5911332
2013-09-09,1,0.21419996,0.78580004,0.0115035325
2013-09-10,1,-0.101405546,1.1014055,-0.41639474
2013-09-11,1,0.1714471,0.8285529,-0.61995405
2013-09-12,0,-0.13837178,1.1383718,0.05898209
2013-09-13,1,0.37807566,0.62192434,-0.15231514
2013-09-16,1,0.12879896,0.87120104,-0.44261536
2013-09-17,1,0.18457025,0.81542975,-0.5552192
2013-09-18,1,0.28006414,0.7199359,-0.10157284
2013-09-19,0,0.033082202,0.9669178,-0.13864674
2013-09-20,0,0.10642327,0.89357674,-0.13138705
2013-09-23,0,0.4107405,0.5892595,-0.3398921
2013-09-24,0,-0.07112655,1.0711266,-0.3862254
2013-09-25,0,0.34645098,0.653549,-0.42273426
2013-09-26,1,0.28919253,0.71080744,-0.21814525
2013-09-27,0,0.19601622,0.8039838,-0.4264248
2013-09-30,0,-0.021147415,1.0211474,-0.1419779
2013-10-01,1,-0.0063799806,1.00638,-0.48593363
2013-10-02,0,0.017208785,0.9827912,-0.45197415
2013-10-03,0,-0.04364364,1.0436436,-0.64876586
2013-10-04,1,-0.2513718,1.2513719,-0.073924914
2013-10-07,0,0.19875479,0.8012452,-0.21308959
2013-10-08,0,-0.021548487,1.0215485,-0.011520654
2013-10-09,1,0.08700812,0.9129919,-0.14479908
2013-10-10,1,0.19948876,0.80051124,-0.617959
2013-10-11,1,0.23058334,0.7694167,-0.21519607
2013-10-14,1,0.23877488,0.7612251,-0.06247753
2013-10-15,0,-0.050864324,1.0508643,-0.08892737
2013-10-16,1,0.016868457,0.9831315,-0.098195404
2013-10-17,0,0.20602065,0.79397935,-0.3237404
2013-10-18,1,0.1600787,0.8399213,-0.8209121
2013-10-21,0,0.44804725,0.5519527,0.06288791
2013-10-22,1,0.03019102,0.969809,-0.1978036
2013-10-23,0,-0.12230955,1.1223096,-0.241859
2013-10-24,1,0.20953043,0.7904696,-0.27038145
2013-10-25,1,0.22920299,0.770797,-0.510437
2013-10-28,0,0.3707347,0.6292653,-0.048677742
2013-10-29,1,-0.66709423,1.6670942,-0.16959581
2013-10-30,0,-0.30611354,1.3061135,-0.15999536
2013-10-31,0,0.30084044,0.69915956,-0.31032127
2013-11-01,1,0.13000678,0.8699932,-0.15832144
2013-11-04,1,0.2193159,0.7806841,-0.4024662
2013-11-05,0,0.37685668,0.6231433,-0.28515336
2013-11-06,1,-0.028193176,1.0281932,-0.14480296
2013-11-07,0,0.23164575,0.76835424,-0.36851865
2013-11-08,1,0.065654576,0.9343454,-0.45161235
2013-11-11,1,-0.20985344,1.2098534,-0.56630695
2013-11-12,0,0.10379843,0.89620155,-0.32957736
2013-11-13,1,0.051875204,0.94812477,-0.57888937
2013-11-14,1,0.35692978,0.6430702,-0.41599545
2013-11-15,1,0.1975362,0.80246377,-0.41691446
2013-11-18,1,0.19178277,0.8082172,-0.3906731
2013-11-19,0,0.16657798,0.833422,-0.36086035
2013-11-20,0,0.17513292,0.82486707,-0.23964778
2013-11-21,1,0.7363656,0.26363438,-0.47022855
2013-11-22,1,0.252957,0.747043,-0.45688865
2013-11-25,1,0.27682173,0.72317827,-0.58417183
2013-11-26,1,0.10493482,0.8950652,0.013803095
2013-11-27,1,0.08540702,0.914593,-0.724929
2013-11-29,0,0.30426568,0.6957343,-0.43022877
2013-12-02,0,0.44504005,0.55495995,-0.0417659
2013-12-03,0,0.43447235,0.5655277,-0.20864834
2013-12-04,0,0.2906022,0.7093978,-0.504705
2013-12-05,0,-0.02571351,1.0257136,-0.20688199
2013-12-06,1,-0.13123405,1.131234,-0.21189833
2013-12-09,1,-0.2411845,1.2411845,-0.4449588
2013-12-10,0,0.42003518,0.5799648,-0.3703753
2013-12-11,0,0.073007666,0.92699236,0.1129501
2013-12-12,0,-0.0016102344,1.0016103,-0.55441916
2013-12-13,1,-0.16209224,1.1620922,-0.15074341
2013-12-16,1,-0.121554255,1.1215543,-0.5909834
2013-12-17,0,0.39379367,0.6062063,-0.15506092
2013-12-18,1,0.23347613,0.76652384,0.21400341
2013-12-19,1,-0.049326025,1.0493261,-0.3158456
2013-12-20,1,0.18644775,0.81355226,-0.31557214
2013-12-23,1,0.3424001,0.6575999,-0.0035262108
2013-12-24,1,0.24604575,0.75395423,-0.36755636
2013-12-26,1,0.24027196,0.7597281,-0.5967674
2013-12-27,0,-0.24175921,1.2417592,-0.5712125
2013-12-30,1,0.25850874,0.74149126,0.21255165
2013-12-31,1,-0.20731865,1.2073187,-0.11058518
2014-01-02,0,0.04443492,0.9555651,-0.15931363
2014-01-03,1,0.27945584,0.72054416,-0.13938454
2014-01-06,0,0.14371175,0.85628825,-0.24180543
2014-01-07,1,0.21297342,0.7870266,-0.43910724
2014-01-08,0,0.33590415,0.6640959,-0.20369592
2014-01-09,0,-0.17408252,1.1740825,-0.15074673
2014-01-10,0,-0.00093382597,1.0009339,-0.14621764
2014-01-13,0,-0.1366433,1.1366433,-0.20371711
2014-01-14,1,0.031629153,0.96837085,-0.36026394
2014-01-15,1,0.22235999,0.77764,-0.4592258
2014-01-16,0,0.07308413,0.9269159,-0.14626169
2014-01-17,1,-0.0070803426,1.0070803,-0.119242415
2014-01-21,0,-0.04409823,1.0440983,-0.16697763
2014-01-22,0,0.5326042,0.46739578,-0.1871452
2014-01-23,0,-0.14051501,1.140515,-0.524554
2014-01-24,0,0.111774206,0.8882258,-0.46120727
2014-01-27,0,-0.049344867,1.0493449,-0.04331398
2014-01-28,1,0.1440262,0.8559738,-0.38468432
2014-01-29,0,0.12989001,0.87011,-0.23664504
2014-01-30,1,0.044684686,0.9553153,-0.3616587
2014-01-31,0,0.32186523,0.6781348,-0.8020718
2014-02-03,0,0.41477403,0.58522594,-0.35839432
2014-02-04,1,-0.008567616,1.0085676,-0.39922637
2014-02-05,0,0.5221934,0.47780663,-0.3702647
2014-02-06,1,0.49646562,0.5035344,-0.29605716
2014-02-07,1,0.25843424,0.74156576,-0.24568802
2014-02-10,1,0.08864491,0.9113551,-0.3328833
2014-02-11,1,0.27651408,0.72348595,-0.24215707
2014-02-12,0,0.68798697,0.31201303,-0.4872727
2014-02-13,1,0.10736905,0.89263093,-0.5894032
2014-02-14,1,-0.025492482,1.0254924,-0.5484276
2014-02-18,0,-0.032763436,1.0327635,-0.38817823
2014-02-19,0,0.15880743,0.8411926,-0.60868907
2014-02-20,1,-0.1636869,1.1636869,-0.5359938
2014-02-21,0,0.21532586,0.78467417,-0.30253887
2014-02-24,1,0.35381716,0.64618284,-0.3097298
2014-02-25,0,0.29451334,0.70548666,-0.15343976
2014-02-26,1,0.5264246,0.4735754,-0.42566195
2014-02-27,1,0.5902928,0.4097072,-0.1608988
2014-02-28,1,-0.019875586,1.0198755,-0.35137048
2014-03-03,0,0.38598475,0.6140152,-0.30838725
2014-03-04,1,-0.2129192,1.2129192,-0.19348657
2014-03-05,0,0.2869786,0.7130214,-0.39712256
2014-03-06,1,0.036175072,0.9638249,-0.6133449
2014-03-07,1,0.27243087,0.7275691,-0.12434465
2014-03-10,0,0.054204956,0.94579506,-0.62887365
2014-03-11,0,-0.015641637,1.0156417,-0.23251896
2014-03-12,0,0.041362524,0.9586375,-0.4230806
2014-03-13,0,-0.24131387,1.2413139,-0.24911956
2014-03-14,0,0.6519155,0.3480845,-0.3143092
2014-03-17,1,0.15676492,0.8432351,-0.42010963
2014-03-18,1,0.124380425,0.8756196,-0.3540982
2014-03-19,0,0.040242344,0.9597577,-0.149364
2014-03-20,1,0.58492947,0.41507053,-0.71313184
2014-03-21,0,0.37793,0.62207,-0.89654475
2014-03-24,0,0.044506244,0.95549375,-0.1894911
2014-03-25,1,0.12913735,0.87086266,-0.6207873
2014-03-26,0,0.18306181,0.81693816,-0.13264427
2014-03-27,0,0.035570413,0.9644296,-0.14536385
2014-03-28,1,0.23978516,0.7602148,-0.41295674
2014-03-31,1,-0.19141734,1.1914173,-0.4306471
2014-04-01,1,0.11807343,0.88192654,-0.23677385
2014-04-02,1,0.15182765,0.84817237,0.16019198
2014-04-03,0,0.05421081,0.9457892,-0.5547857
2014-04-04,0,0.0011210963,0.9988789,-0.20334357
2014-04-07,0,0.22376448,0.7762355,-0.6535057
2014-04-08,1,0.11207767,0.88792235,-0.5608026
2014-04-09,1,-0.13564621,1.1356462,-0.4573631
2014-04-10,0,0.29996222,0.7000378,-0.12239805
2014-04-11,0,0.13412115,0.8658788,-0.26283872
2014-04-14,1,-0.13218065,1.1321807,-0.27488583
2014-04-15,1,-0.1448401,1.1448401,-0.6652284
2014-04-16,1,0.25763413,0.74236584,-0.4782713
2014-04-17,0,0.21409819,0.7859018,-0.4615383
2014-04-21,1,-0.07600063,1.0760007,-0.26425502
2014-04-22,1,0.061624974,0.938375,-0.32609004
2014-04-23,0,0.22494783,0.7750522,-0.41126692
2014-04-24,0,-0.2807817,1.2807817,-0.38662472
2014-04-25,0,0.072788075,0.92721194,-0.3310309
2014-04-28,1,0.26327083,0.73672915,-0.063375145
2014-04-29,1,-0.21064092,1.2106409,-0.26770014
2014-04-30,1,0.19765145,0.80234855,-0.48677495
2014-05-01,0,-0.0746256,1.0746256,-0.2757299
2014-05-02,0,-0.2136735,1.2136735,-0.31946906
2014-05-05,1,0.07401365,0.92598635,-0.1568895
2014-05-06,0,-0.3050069,1.3050069,-0.07251632
2014-05-07,1,0.11107193,0.88892806,-0.12656733
2014-05-08,1,0.29806924,0.70193076,-0.23144884
2014-05-09,1,7.367134e-05,0.9999263,-0.61274433
2014-05-12,1,0.27988943,0.72011054,-0.2516322
2014-05-13,1,-0.47115222,1.4711522,-0.67203623
2014-05-14,0,-0.02503109,1.0250311,-0.4327049
2014-05-15,0,0.2989739,0.7010261,-0.33091378
2014-05-16,1,0.037364796,0.9626352,-0.07526316
2014-05-19,1,-0.20043112,1.2004311,-0.3175186
2014-05-20,0,0.12587546,0.8741245,-0.28777263
2014-05-21,1,-0.076916024,1.076916,-0.40151078
2014-05-22,1,-0.1824118,1.1824118,-0.31804404
2014-05-23,1,0.18202436,0.81797564,-0.31132126
2014-05-27,1,0.024182692,0.9758173,-0.3023639
2014-05-28,0,0.18485093,0.81514907,-0.4011038
2014-05-29,1,0.5812514,0.41874862,-0.5047546
2014-05-30,1,0.28825077,0.7117492,-0.53667897
2014-06-02,1,0.32419544,0.67580456,-0.2852004
2014-06-03,0,0.14182921,0.8581708,-0.8125371
2014-06-04,1,0.120059475,0.8799405,-0.021570474
2014-06-05,1,0.12241697,0.877583,-0.35794505
2014-06-06,1,-0.06880183,1.0688019,-0.17649865
2014-06-09,1,0.11266473,0.8873353,-0.3994767
2014-06-10,1,0.4337877,0.5662123,-0.37516844
2014-06-11,0,0.07999355,0.92000645,-0.6262805
2014-06-12,0,-0.124984376,1.1249844,0.018456668
2014-06-13,1,0.18767425,0.8123257,-0.10443914
2014-06-16,1,-0.33188915,1.3318892,-0.43716747
2014-06-17,1,0.18596509,0.81403494,0.04215589
2014-06-18,1,0.020854041,0.97914594,-0.6454491
2014-06-19,1,0.22857001,0.77143,-0.23337656
2014-06-20,1,0.31660348,0.6833965,-0.38591236
2014-06-23,0,0.007157728,0.99284226,-0.25067148
2014-06-24,0,0.09997183,0.90002817,-0.12217501
2014-06-25,1,0.27419174,0.72580826,-0.29774642
2014-06-26,0,0.020881101,0.9791189,-0.28143755
2014-06-27,1,-0.018390298,1.0183903,-0.022483677
2014-06-30,0,-0.16627668,1.1662767,-0.23893262
2014-07-01,1,0.34434307,0.65565693,-0.24575233
2014-07-02,1,0.29840666,0.70159334,0.012460589
2014-07-03,1,0.4448172,0.5551828,-0.1344651
2014-07-07,0,0.2114873,0.7885127,-0.39910522
2014-07-08,0,0.18574882,0.8142512,0.0965372
2014-07-09,1,0.077555835,0.92244416,-0.42508236
2014-07-10,0,0.08819786,0.9118022,0.0049512386
2014-07-11,1,0.17969298,0.820307,-0.25468323
2014-07-14,1,0.42002946,0.57997054,-0.46179646
2014-07-15,1,0.25265282,0.7473472,-0.16549337
2014-07-16,1,0.23736829,0.7626317,-0.495669
2014-07-17,0,-0.030246496,1.0302465,-0.14847785
2014-07-18,1,0.49856633,0.5014337,-0.36700657
2014-07-21,0,0.2067143,0.7932857,0.025282472
2014-07-22,1,0.13125943,0.86874056,-0.20096165
2014-07-23,0,0.53924954,0.46075046,-0.41610393
2014-07-24,0,-0.10170233,1.1017023,-0.4201691
2014-07-25,0,0.2690295,0.7309705,-0.17758133
2014-07-28,1,0.03130451,0.9686955,-0.08272618
2014-07-29,0,-0.10757995,1.10758,-0.29138386
2014-07-30,0,0.26072043,0.73927957,-0.37326127
2014-07-31,0,0.12754428,0.8724557,-0.76241404
2014-08-01,0,0.20365632,0.7963437,-0.26718035
2014-08-04,1,-0.08003929,1.0800393,-0.546715
2014-08-05,0,-0.03610812,1.0361081,-0.098988645
2014-08-06,1,0.2943771,0.7056229,-0.2977435
2014-08-07,0,0.3959335,0.6040665,-0.120159864
2014-08-08,1,0.056527138,0.94347286,-0.22998172
2014-08-11,1,0.07857915,0.9214209,-0.2580393
2014-08-12,0,0.18658318,0.81341684,-0.063834965
2014-08-13,1,0.2033988,0.7966012,-0.40612411
2014-08-14,1,0.07140241,0.92859757,-0.15063027
2014-08-15,0,0.10410823,0.8958918,-0.30809242
2014-08-18,1,0.18701145,0.8129885,-0.59755665
2014-08-19,1,0.10421857,0.8957814,-0.26963106
2014-08-20,1,0.02877219,0.9712278,-0.14728773
2014-08-21,1,-0.274643,1.274643,0.074275196
2014-08-22,0,0.4759901,0.52400994,-0.46241468
2014-08-25,1,0.37335333,0.62664664,-1.0966674
2014-08-26,1,0.42532778,0.5746722,-0.24175866
2014-08-27,1,0.16455106,0.8354489,-0.2963398
2014-08-28,0,0.10068709,0.8993129,-0.7539078
2014-08-29,1,0.029347032,0.97065294,-0.56872094
2014-09-02,0,-0.23012911,1.2301291,-0.31222665
2014-09-03,1,0.34701914,0.65298086,-0.42640173
2014-09-04,0,-0.05090666,1.0509067,-0.3328381
2014-09-05,1,-0.0922409,1.0922409,-0.32577777
2014-09-08,0,0.187376,0.812624,-0.5158304
2014-09-09,0,-0.23787063,1.2378707,-0.74043196
2014-09-10,1,0.31921548,0.6807845,0.1547555
2014-09-11,0,0.23634551,0.7636545,-0.42189458
2014-09-12,0,0.262092,0.737908,-0.19316217
2014-09-15,1,0.46232852,0.53767145,-0.50298566
2014-09-16,1,-0.46625957,1.4662596,-0.39671928
2014-09-17,1,0.16316627,0.8368337,0.26095948
2014-09-18,1,0.20316377,0.79683626,-0.38546437
2014-09-19,1,-0.28323644,1.2832365,-0.5919289
2014-09-22,0,0.12568384,0.87431616,-0.3715756
2014-09-23,0,0.06073273,0.9392673,0.15555075
2014-09-24,1,0.25220305,0.74779695,-0.06706782
2014-09-25,0,0.36541462,0.6345854,0.23474218
2014-09-26,1,0.19084406,0.80915594,-0.39985177
2014-09-29,0,0.022909611,0.97709036,-0.4413402
2014-09-30,0,0.46370667,0.5362933,-0.27482226
2014-10-01,0,-0.16458698,1.164587,-0.49968654
2014-10-02,0,0.0064016283,0.99359834,-0.075278886
2014-10-03,1,-0.15195195,1.1519519,-0.28866452
2014-10-06,0,-0.021642745,1.0216427,-0.4728942
2014-10-07,0,0.090909824,0.90909016,-0.3592718
2014-10-08,1,0.3320018,0.6679982,0.021275103
2014-10-09,0,0.46938252,0.5306175,-0.07780427
2014-10-10,0,-0.11877337,1.1187733,-0.47469372
2014-10-13,0,0.26776275,0.7322372,-0.34556186
2014-10-14,0,-0.010123044,1.010123,-0.16551617
2014-10-15,0,-0.16653642,1.1665365,0.02689372
2014-10-16,0,0.11981326,0.88018674,-0.34150997
2014-10-17,1,0.1056827,0.89431727,-0.16679214
2014-10-20,1,-0.05812715,1.0581272,-0.35620698
2014-10-21,1,0.27237266,0.72762734,-0.25405207
2014-10-22,0,0.05493982,0.9450602,-0.28159085
2014-10-23,1,-0.066729546,1.0667295,-0.5404143
2014-10-24,1,0.41801238,0.5819876,-0.38515437
2014-10-27,1,-0.13236171,1.1323617,-0.25963354
2014-10-28,1,0.39378232,0.6062177,-0.4495015
2014-10-29,0,-0.19395125,1.1939512,-0.5012674
2014-10-30,1,0.20375901,0.796241,-0.3851725
2014-10-31,1,0.02695173,0.97304827,-0.38688552
2014-11-03,0,0.02415812,0.9758419,-0.6950542
2014-11-04,1,0.063657485,0.93634254,-0.28197896
2014-11-05,1,0.035947353,0.9640527,-0.72277045
2014-11-06,1,0.27680957,0.7231904,-0.12429367
2014-11-07,1,0.57128876,0.42871124,-0.10571802
2014-11-10,1,0.15508142,0.8449186,-0.1310541
2014-11-11,1,0.18164493,0.8183551,-0.32285595
2014-11-12,0,0.19648454,0.80351543,-0.3438353
2014-11-13,1,0.09196727,0.9080327,-0.20165032
2014-11-14,0,0.25105095,0.74894905,-0.21322167
2014-11-17,1,0.10278264,0.8972174,-0.254945
2014-11-18,1,0.2778388,0.7221612,-0.50765246
2014-11-19,0,-0.08609445,1.0860945,-0.26398104
2014-11-20,1,0.27167773,0.72832227,-0.35896713
2014-11-21,1,0.14414798,0.855852,-0.2747717
2014-11-24,1,0.22678128,0.77321875,0.030224726
2014-11-25,0,-0.0062358677,1.0062358,-0.183949
2014-11-26,1,0.32509583,0.67490417,-0.5003339
2014-11-28,1,0.22702749,0.7729725,-0.2288219
2014-12-01,0,0.38167387,0.6183261,-0.3172055
2014-12-02,1,0.34788266,0.6521174,-0.51182854
2014-12-03,1,-0.03589923,1.0358993,-0.19926354
2014-12-04,0,0.3267725,0.6732275,-0.16976401
2014-12-05,1,-0.08582945,1.0858295,0.042244077
2014-12-08,0,-0.058742583,1.0587425,-1.0535791
2014-12-09,0,-0.2102672,1.2102672,-0.50151044
2014-12-10,0,0.34111995,0.65888005,-0.06718224
2014-12-11,1,-0.12501955,1.1250196,-0.14629726
2014-12-12,0,0.22462666,0.77537334,-0.25547326
2014-12-15,0,0.09614147,0.90385854,-0.039874196
2014-12-16,0,0.1813534,0.8186466,-0.30799657
2014-12-17,1,0.1774407,0.8225593,-0.112472594
2014-12-18,1,-0.11460133,1.1146014,-0.55526274
2014-12-19,1,-0.017037772,1.0170377,-0.101427585
2014-12-22,1,0.12542918,0.87457085,-0.25453493
2014-12-23,1,0.012328386,0.9876716,0.008477122
2014-12-24,1,0.23482035,0.76517963,-0.18738773
2014-12-26,1,-0.105763465,1.1057634,0.16132239
2014-12-29,0,-0.31569743,1.3156974,-0.4197593
2014-12-30,0,0.20076476,0.7992352,-0.11497371
2014-12-31,0,-0.15604676,1.1560467,0.008700356
2015-01-02,1,0.053634197,0.94636583,-0.65070695
2015-01-05,0,0.2787006,0.7212994,0.03400588
2015-01-06,0,0.6068884,0.3931116,-0.43153006
2015-01-07,1,0.05049584,0.94950414,-0.27079034
2015-01-08,1,0.23160002,0.76839995,-0.34058824
2015-01-09,0,0.061177284,0.93882275,-0.02595342
2015-01-12,0,0.40873942,0.59126055,-0.4794219
2015-01-13,0,0.10682925,0.8931708,-0.3668024
2015-01-14,0,0.27801764,0.72198236,-0.31628576
2015-01-15,0,0.18857975,0.81142026,-0.13194022
2015-01-16,1,0.021088637,0.97891134,-0.30812347
2015-01-20,1,-0.09399607,1.093996,-0.12097272
2015-01-21,1,0.18364777,0.81635225,-0.35619748
2015-01-22,1,0.20650265,0.7934973,0.014836699
2015-01-23,0,0.20956367,0.7904363,-0.40549928
2015-01-26,1,0.27181953,0.72818047,-0.3513717
2015-01-27,0,0.069877595,0.9301224,-0.1743128
2015-01-28,0,0.2727056,0.7272944,-0.025016204
2015-01-29,1,0.081023306,0.91897666,0.10325864
2015-01-30,0,0.0675101,0.9324899,-0.5528388
2015-02-02,1,0.04440455,0.95559543,-0.5039261
2015-02-03,1,0.20591846,0.79408157,-0.6012119
2015-02-04,1,0.22648188,0.7735181,-0.31476498
2015-02-05,1,0.36113256,0.63886744,-0.043335706
2015-02-06,0,0.6332116,0.3667884,-0.0728848
2015-02-09,0,0.058936857,0.94106317,-0.376867
2015-02-10,1,0.21362951,0.7863705,-0.099868834
2015-02-11,0,0.10921518,0.8907848,-0.5857393
2015-02-12,1,0.16345373,0.8365463,0.05912581
2015-02-13,1,0.24905482,0.7509452,-0.5311763
2015-02-17,1,-0.30539513,1.3053951,-0.08708403
2015-02-18,0,0.07507262,0.92492735,-0.39285976
2015-02-19,0,0.6599236,0.3400764,-0.6393148
2015-02-20,1,0.46076185,0.53923815,-0.18124083
2015-02-23,0,-0.073836565,1.0738366,-0.56503797
2015-02-24,1,0.17025617,0.82974386,-0.45036983
2015-02-25,1,-0.025529087,1.0255291,-0.7339888
2015-02-26,0,0.2595779,0.7404221,-0.16928692
2015-02-27,0,0.06163585,0.93836415,-0.627459
2015-03-02,1,0.23604861,0.7639514,-0.5538204
2015-03-03,0,-0.0371117,1.0371118,-0.53401065
2015-03-04,0,0.24868399,0.751316,-0.11386189
2015-03-05,1,0.17595118,0.8240488,-0.2611111
2015-03-06,0,-0.30404836,1.3040483,-0.068629354
2015-03-09,1,0.108641624,0.8913584,-0.039696544
2015-03-10,0,0.9567498,0.043250203,-0.53594285
2015-03-11,0,0.017031595,0.9829684,-0.37250346
2015-03-12,1,0.30737042,0.6926296,-0.4832676
2015-03-13,0,0.38859585,0.6114042,-0.31689477
2015-03-16,1,-0.084841095,1.0848411,-0.050574318
2015-03-17,0,0.30841625,0.69158375,-0.47445178
2015-03-18,1,0.11167291,0.8883271,-0.39267698
2015-03-19,0,0.029264718,0.9707353,-0.14400232
2015-03-20,1,0.20698956,0.7930105,-0.30297893
2015-03-23,0,0.22428718,0.77571285,-0.44913748
2015-03-24,0,-0.016132928,1.016133,-0.3218621
2015-03-25,0,0.44090936,0.5590906,-0.18934403
2015-03-26,0,0.11410536,0.88589466,-0.3391468
2015-03-27,1,0.22089219,0.7791078,-0.32580358
2015-03-30,1,0.27202922,0.7279708,-0.56660783
2015-03-31,0,0.42983305,0.57016695,-0.13587126
2015-04-01,0,0.28237012,0.7176299,-0.17454413
2015-04-02,1,0.24216825,0.75783175,-0.71894974
2015-04-06,1,-0.07612309,1.0761231,-0.3149825
2015-04-07,0,0.5022687,0.49773133,-0.43657392
2015-04-08,1,0.5465232,0.4534768,-0.19443855
2015-04-09,1,0.27007505,0.7299249,-0.59150195
2015-04-10,1,-0.20259236,1.2025924,-0.1987451
2015-04-13,0,0.1373036,0.8626964,0.13639197
2015-04-14,1,0.359472,0.64052796,-0.35555556
2015-04-15,1,0.21314573,0.78685427,-0.2683038
2015-04-16,0,0.34157708,0.65842295,-0.7528069
2015-04-17,0,-0.13212895,1.132129,-0.14487475
2015-04-20,1,0.38475335,0.61524665,-0.56584775
2015-04-21,0,0.23300232,0.7669977,-0.21948563
2015-04-22,1,-0.03691441,1.0369143,-0.35281143
2015-04-23,1,0.06614044,0.9338596,-0.067551196
2015-04-24,1,0.107997306,0.8920027,-0.07531065
2015-04-27,0,0.47894087,0.52105916,-0.2386024
2015-04-28,1,0.5019597,0.49804032,-0.4938725
2015-04-29,0,0.24377804,0.75622195,-0.22127748
2015-04-30,0,0.05652371,0.9434763,-0.09380263
2015-05-01,1,0.10907476,0.8909252,-0.3043232
2015-05-04,1,0.3503843,0.6496157,0.04009199
2015-05-05,0,-0.15401371,1.1540138,-0.21241593
2015-05-06,0,-0.14059198,1.140592,-0.48092973
2015-05-07,1,-0.122395955,1.122396,0.025815576
2015-05-08,1,0.21432054,0.78567946,-0.5441117
2015-05-11,0,0.06447339,0.9355266,-0.3157344
2015-05-12,0,-0.18526126,1.1852612,-0.0553194
2015-05-13,0,-0.04663095,1.046631,-0.21654667
2015-05-14,1,-0.05361326,1.0536133,-0.28528258
2015-05-15,1,0.28912714,0.7108729,-0.3537311
2015-05-18,1,0.20179185,0.7982081,0.0038360208
2015-05-19,1,0.053655893,0.94634414,-0.34135365
2015-05-20,0,0.19618788,0.80381215,-0.20648603
2015-05-21,1,-0.01549986,1.0154998,-0.34685925
2015-05-22,0,0.15229282,0.84770715,-0.53252137
2015-05-26,0,-0.050479397,1.0504794,-0.06468345
2015-05-27,1,0.41977617,0.5802238,-0.24722373
2015-05-28,0,-0.16773072,1.1677307,-0.371749
2015-05-29,0,0.36287463,0.6371254,-0.34824908
2015-06-01,1,0.08596413,0.91403586,-0.20257762
2015-06-02,0,0.09784652,0.9021535,-0.34981424
2015-06-03,1,-0.064510405,1.0645103,-0.11812399
2015-06-04,0,0.15693274,0.8430673,-0.33554867
2015-06-05,0,0.0059427023,0.9940573,-0.5513892
2015-06-08,0,0.19798218,0.8020178,-0.4464721
2015-06-09,0,-0.055814132,1.0558141,-0.091495395
2015-06-10,1,0.39050642,0.6094936,-0.31420735
2015-06-11,1,0.050840646,0.9491594,-0.25454137
2015-06-12,0,0.1315544,0.86844563,-0.6562953
2015-06-15,0,0.1436817,0.8563183,-0.2152371
2015-06-16,1,0.1834782,0.81652176,-0.30133677
2015-06-17,1,-0.01454331,1.0145433,-0.17260736
2015-06-18,1,0.13984966,0.86015034,-0.19233476
2015-06-19,0,-0.014216736,1.0142168,-0.26268566
2015-06-22,1,0.3246305,0.6753695,0.075684294
2015-06-23,1,-0.0039070398,1.0039071,-0.21192618
2015-06-24,0,0.054017454,0.9459826,-0.06453061
2015-06-25,0,-0.043093912,1.0430939,0.14716594
2015-06-26,1,0.2352846,0.76471543,-0.09788242
2015-06-29,0,0.2867928,0.7132072,-0.46308094
2015-06-30,1,-0.16839421,1.1683942,-0.44386357
2015-07-01,1,0.4685547,0.53144526,-0.54951435
2015-07-02,0,0.3278262,0.6721738,-0.35923687
2015-07-06,0,0.51360285,0.48639715,-0.3976264
2015-07-07,1,0.17500097,0.82499903,-0.31987828
2015-07-08,0,0.009085946,0.99091405,-0.1453279
2015-07-09,1,0.18701428,0.8129857,-0.21152073
2015-07-10,1,0.14684089,0.8531591,-0.462824
2015-07-13,1,0.17281584,0.82718414,-0.3235073
2015-07-14,1,0.24908718,0.7509128,-0.035286844
2015-07-15,0,0.22558403,0.77441597,-0.546433
2015-07-16,1,0.22681311,0.7731869,-0.42865852
2015-07-17,0,0.120987274,0.8790127,-0.4478768
2015-07-20,1,-0.15814666,1.1581466,-0.44995078
2015-07-21,0,0.15774171,0.8422583,-0.021316491
2015-07-22,0,0.19851846,0.80148154,-0.12305352
2015-07-23,0,-0.09978813,1.0997882,0.063572705
2015-07-24,0,0.08317536,0.91682464,-0.3219034
2015-07-27,0,0.049111374,0.95088863,-0.5233321
2015-07-28,1,0.37298247,0.6270175,-0.47771454
2015-07-29,1,-0.26607656,1.2660766,-0.5020408
2015-07-30,0,0.029503047,0.97049695,-0.60423726
2015-07-31,0,0.25540712,0.7445929,-0.13173807
2015-08-03,0,-0.012215115,1.0122151,-0.2963584
2015-08-04,0,0.42304337,0.5769566,-0.19253297
2015-08-05,0,-0.04492569,1.0449257,-0.7788465
2015-08-06,0,0.1348261,0.86517394,-0.09292397
2015-08-07,0,0.21969903,0.780301,-0.15933092
2015-08-10,1,0.07402669,0.9259733,-0.22115509
2015-08-11,0,0.47937354,0.5206264,-0.041391075
2015-08-12,0,0.27365503,0.72634494,-0.63567793
2015-08-13,1,0.063711464,0.93628854,-0.21357661
2015-08-14,1,-0.2667384,1.2667384,-0.34771836
2015-08-17,1,0.08536366,0.9146364,-0.6622863
2015-08-18,0,-0.08260679,1.0826068,-0.5949619
2015-08-19,0,0.21490885,0.78509116,-0.2865164
2015-08-20,0,0.18827447,0.8117255,0.0070629716
2015-08-21,0,0.3014358,0.6985642,-0.59640145
2015-08-24,0,0.24611828,0.7538817,-0.2634573
2015-08-25,0,0.54737943,0.45262057,-0.34042624
2015-08-26,1,-0.1663397,1.1663396,-0.5444994
2015-08-27,1,0.51357967,0.48642033,-0.034366608
2015-08-28,0,0.29422888,0.7057711,-0.26063138
2015-08-31,0,0.3277728,0.6722272,-0.7728636
2015-09-01,0,-0.034094125,1.0340941,-0.16235617
2015-09-02,1,0.2297642,0.7702358,-0.2788592
2015-09-03,1,0.4361951,0.56380486,-0.23384877
2015-09-04,0,0.2600953,0.7399047,-0.36789736
2015-09-08,1,-0.27484003,1.27484,-0.75747216
2015-09-09,0,-0.04034816,1.0403482,-0.62319773
2015-09-10,1,0.33088237,0.6691176,-0.66413975
2015-09-11,1,0.0013366789,0.9986633,-0.26332128
2015-09-14,0,0.5335862,0.4664138,-0.460734
2015-09-15,1,0.30623743,0.69376254,-0.44456017
2015-09-16,1,0.5082004,0.4917996,0.031916253
2015-09-17,0,0.20072229,0.7992777,-0.53783256
2015-09-18,0,0.6804006,0.3195994,-0.10906717
2015-09-21,1,0.26174253,0.73825747,-0.86999
2015-09-22,0,0.46859056,0.53140944,-0.41000667
2015-09-23,0,0.28132495,0.718675,0.047415495
2015-09-24,0,0.15373558,0.8462644,-0.59312683
2015-09-25,1,0.2894532,0.7105468,-0.5841159
2015-09-28,0,0.38753778,0.6124622,-0.4324721
2015-09-29,1,-0.0015195087,1.0015196,-0.40783972
2015-09-30,1,0.19945899,0.80054104,-0.10419811
2015-10-01,0,0.25971037,0.7402896,-0.29030392
2015-10-02,1,-0.17234059,1.1723406,-0.37881798
2015-10-05,1,0.17612435,0.82387567,-0.38616648
2015-10-06,1,0.3217839,0.6782161,-0.2784435
2015-10-07,1,0.2630385,0.7369615,-0.06984088
2015-10-08,1,0.07571159,0.9242884,-0.18172693
2015-10-09,1,-0.005934477,1.0059345,-0.27776974
2015-10-12,1,0.36256748,0.6374325,-0.6029103
2015-10-13,0,0.088181704,0.91181827,-0.44622797
2015-10-14,0,0.29494116,0.7050588,-0.49520743
2015-10-15,1,0.28718427,0.71281576,-0.6624085
2015-10-16,1,-0.17263624,1.1726363,-0.19897878
2015-10-19,1,-0.107251614,1.1072516,-0.3941533
2015-10-20,0,0.478051,0.521949,-0.48619485
2015-10-21,0,0.3417895,0.6582105,-0.33200094
2015-10-22,1,0.087513626,0.9124864,-0.21007434
2015-10-23,1,0.009884506,0.9901155,-0.3493266
2015-10-26,0,0.16733646,0.83266354,-0.39348328
2015-10-27,0,-0.021003872,1.0210038,-0.3308743
2015-10-28,1,0.02890759,0.9710924,-0.4699452
2015-10-29,0,0.28251046,0.71748954,-0.106827885
2015-10-30,0,0.12511367,0.87488633,-0.43274283
2015-11-02,1,-0.17280528,1.1728053,-0.3822835
2015-11-03,1,0.26312664,0.7368734,-0.17981774
2015-11-04,0,0.45145735,0.5485426,0.0006603375
2015-11-05,0,-0.0064999014,1.0064999,-0.3347348
2015-11-06,1,0.5548796,0.4451204,-0.05905254
2015-11-09,0,0.4145505,0.58544946,-0.085678875
2015-11-10,1,0.49180642,0.5081936,-0.14128312
2015-11-11,0,0.13703665,0.8629633,0.056653947
2015-11-12,0,0.2385494,0.7614506,-0.49708146
2015-11-13,0,0.40604952,0.5939505,-0.388551
2015-11-16,1,0.17361966,0.8263804,-0.3249188
2015-11-17,1,-0.011760026,1.01176,-0.19494396
2015-11-18,1,0.30609995,0.69390005,-0.58840615
2015-11-19,0,0.5128371,0.4871629,-0.5817909
2015-11-20,1,0.03300318,0.9669968,0.07645248
2015-11-23,0,-0.039933875,1.0399339,0.019061819
2015-11-24,1,0.25184226,0.74815774,-0.25133005
2015-11-25,1,0.15150607,0.84849393,-0.46230704
2015-11-27,0,-0.040708125,1.0407081,-0.3982932
2015-11-30,0,0.06618581,0.93381417,-0.33023226
2015-12-01,1,0.15386464,0.8461354,-0.44095662
2015-12-02,0,0.34426108,0.65573895,-0.23136471
2015-12-03,0,0.23684695,0.7631531,-0.12950805
2015-12-04,1,0.06544626,0.93455374,-0.37906522
2015-12-07,0,0.5902048,0.40979522,-0.5044273
2015-12-08,0,-0.0033365488,1.0033365,-0.008527905
2015-12-09,0,-0.096858606,1.0968586,-0.021966398
2015-12-10,1,0.5836395,0.4163605,-0.10082793
2015-12-11,0,0.3570246,0.6429754,-0.5212863
2015-12-14,1,0.08950803,0.91049194,-0.20896716
2015-12-15,1,0.22566035,0.7743397,-0.13554105
2015-12-16,1,0.06175238,0.9382476,-0.52652216
2015-12-17,0,0.50554234,0.49445766,-0.07802154
2015-12-18,0,0.049183667,0.95081633,-0.0066105574
2015-12-21,1,0.17616029,0.8238397,-0.36665887
2015-12-22,1,0.25772527,0.74227476,-0.5184394
2015-12-23,1,-0.08000116,1.0800011,-0.34067225
2015-12-24,0,0.15276198,0.847238,-0.35701075
2015-12-28,0,0.15969767,0.84030235,-0.12639135
2015-12-29,1,0.12434467,0.87565535,-0.2655862
2015-12-30,0,0.28377295,0.71622705,-0.77062356
2015-12-31,0,0.13115337,0.86884665,-0.4867994
2016-01-04,0,0.3242587,0.6757413,-0.2709494
2016-01-05,1,0.06749706,0.9325029,-0.34843653
2016-01-06,0,-0.029071182,1.0290712,-0.5538866
2016-01-07,0,-0.1517696,1.1517696,-0.37322983
2016-01-08,0,-0.2239688,1.2239687,-0.4057963
2016-01-11,1,0.27905887,0.7209411,-0.73670375
2016-01-12,1,0.19077052,0.8092295,-0.2898568
2016-01-13,0,0.12802017,0.87197983,-0.4411695
2016-01-14,1,0.06744674,0.9325533,-0.5757237
2016-01-15,0,0.14901733,0.85098267,-0.6289288
2016-01-19,1,0.21230704,0.78769296,-0.12116522
2016-01-20,0,0.034488827,0.9655112,-0.20722857
2016-01-21,1,0.6332681,0.36673188,-0.160793
2016-01-22,1,0.18821612,0.8117839,-0.3421606
2016-01-25,0,-0.026239932,1.0262399,-0.4270215
2016-01-26,1,0.33215225,0.66784775,-0.03821709
2016-01-27,0,0.13262165,0.86737835,-0.33157372
2016-01-28,1,0.24893096,0.75106907,-0.13852902
2016-01-29,1,0.23727375,0.76272625,-0.48035488
2016-02-01,0,0.18051249,0.8194875,-0.157763
2016-02-02,0,0.28277788,0.7172221,-0.32891092
2016-02-03,1,0.29520124,0.70479876,-0.38894638
2016-02-04,1,0.3706416,0.6293584,-0.27610955
2016-02-05,0,0.20201577,0.79798424,-0.22042802
2016-02-08,0,0.29902443,0.70097554,-0.59167945
2016-02-09,0,-0.055886596,1.0558866,-0.19757797
2016-02-10,0,0.04834363,0.95165634,0.34450155
2016-02-11,0,0.0014910698,0.99850893,-0.10180998
2016-02-12,1,0.11970202,0.88029796,-0.23486537
2016-02-16,1,0.04067044,0.95932955,-0.27167034
2016-02-17,1,0.81754076,0.18245924,-0.25754163
2016-02-18,0,0.09758228,0.9024177,-0.23504373
2016-02-19,0,0.36826175,0.63173825,-0.20678751
2016-02-22,1,-0.2956327,1.2956327,-0.5840268
2016-02-23,0,0.15300348,0.84699655,-0.16912757
2016-02-24,1,0.48258382,0.5174162,-0.69441646
2016-02-25,1,0.4779293,0.5220707,-0.20912096
2016-02-26,0,0.1526095,0.84739053,-0.67192864
2016-02-29,0,0.3772925,0.6227075,-0.49657926
2016-03-01,1,0.17979407,0.8202059,-0.057439532
2016-03-02,1,0.18105383,0.8189462,-0.38252094
2016-03-03,1,0.0007723868,0.99922764,-0.18172932
2016-03-04,1,0.09280361,0.9071964,-0.37292662
2016-03-07,1,-0.2728628,1.2728628,-0.6197119
2016-03-08,0,0.11607525,0.8839247,-0.24464224
2016-03-09,1,0.37776333,0.62223667,-0.68088067
2016-03-10,0,0.2369645,0.76303554,-0.36992323
2016-03-11,1,0.17341489,0.8265851,-0.050324306
2016-03-14,1,0.36897504,0.63102496,-0.3265146
2016-03-15,1,0.11515184,0.8848482,-0.2188807
2016-03-16,1,-0.07426253,1.0742625,-0.43469056
2016-03-17,1,0.08065897,0.919341,-0.0063443184
2016-03-18,1,0.15865543,0.8413446,-0.53399026
2016-03-21,1,0.29921597,0.700784,-0.1720202
2016-03-22,0,0.046140715,0.95385927,-0.1696561
2016-03-23,0,0.31581897,0.68418103,-0.11218844
2016-03-24,1,0.05616258,0.9438374,-0.42368466
2016-03-28,1,0.24636239,0.7536376,0.076262064
2016-03-29,1,-0.016357541,1.0163575,-0.20207602
2016-03-30,1,0.39194268,0.6080573,-0.46535277
2016-03-31,0,0.26988727,0.73011273,-0.17975608
2016-04-01,1,-0.009467736,1.0094677,-0.21450236
2016-04-04,0,-0.20055488,1.2005548,0.02427794
2016-04-05,0,0.107601605,0.8923984,-0.38472646
2016-04-06,1,-0.098439515,1.0984395,-0.36874974
2016-04-07,0,0.086094595,0.9139054,-0.15425205
2016-04-08,1,0.044335812,0.95566416,-0.4841689
2016-04-11,0,-0.12992927,1.1299293,-0.09467612
2016-04-12,1,0.043571845,0.9564282,-0.18255514
2016-04-13,1,0.28255033,0.71744967,0.19350152
2016-04-14,1,0.046352625,0.9536474,-0.3933486
2016-04-15,0,0.06522457,0.9347754,-0.30601257
2016-04-18,1,0.30275035,0.69724965,-0.5437193
2016-04-19,1,0.2890228,0.7109772,-0.65621144
2016-04-20,1,0.25132847,0.74867153,0.09655465
2016-04-21,0,-0.24778342,1.2477834,-0.8106898
2016-04-22,1,0.21634005,0.78365993,-0.54460984
2016-04-25,0,0.28794137,0.71205866,0.040356994
2016-04-26,1,0.28564215,0.71435785,-0.47662446
2016-04-27,1,0.013040356,0.98695964,-0.45241058
2016-04-28,0,-0.29202455,1.2920246,-0.23632771
2016-04-29,0,0.34823078,0.6517692,-0.23492515
2016-05-02,1,0.19134435,0.8086556,-0.29173133
2016-05-03,0,0.16263598,0.837364,-0.37516057
2016-05-04,0,-0.023536429,1.0235364,-0.6890594
2016-05-05,1,0.22521725,0.7747828,-0.30333978
2016-05-06,1,0.13799068,0.8620093,-0.07801548
2016-05-09,0,0.13742898,0.862571,-0.51529306
2016-05-10,1,0.5299442,0.47005582,-0.24931443
2016-05-11,0,-0.2186752,1.2186751,-0.11473963
2016-05-12,1,-0.08373657,1.0837365,-0.34042203
2016-05-13,0,0.27527958,0.7247204,-0.30363852
2016-05-16,1,0.4594097,0.5405903,-0.30307138
2016-05-17,0,0.25818366,0.74181634,-0.7400922
2016-05-18,0,0.439111,0.560889,-0.23887254
2016-05-19,0,0.09332885,0.90667117,-0.41986346
2016-05-20,1,-0.18112369,1.1811237,-0.57154703
2016-05-23,0,0.37063357,0.6293664,0.085601896
2016-05-24,1,0.014202997,0.985797,-0.7117933
2016-05-25,1,-0.058061376,1.0580614,-0.36538327
2016-05-26,0,-0.10577324,1.1057732,-0.11083756
2016-05-27,1,0.14204943,0.85795057,-0.11299801
2016-05-31,0,0.18493608,0.81506395,-0.26474077
2016-06-01,1,0.14255294,0.857447,-0.1607545
2016-06-02,1,0.4140533,0.5859467,-0.17379227
2016-06-03,0,0.6596871,0.3403129,-0.273416
2016-06-06,1,0.16348082,0.8365192,-0.29941326
2016-06-07,1,0.115658045,0.88434196,-0.26513505
2016-06-08,1,0.07245004,0.92754996,-0.4537289
2016-06-09,0,-0.2053113,1.2053113,-0.34810728
2016-06-10,0,-0.061225273,1.0612253,-0.39278835
2016-06-13,0,0.049444035,0.950556,-0.5537824
2016-06-14,0,-0.1857366,1.1857367,-0.28101438
2016-06-15,0,-0.17296612,1.1729661,-0.45485446
2016-06-16,1,0.07235332,0.9276467,-0.43713647
2016-06-17,0,-0.2797125,1.2797124,-0.7239859
2016-06-20,1,0.312,0.68799996,-0.08610818
2016-06-21,1,0.1256382,0.8743618,-0.38380763
2016-06-22,0,0.14735614,0.85264385,-0.32272637
2016-06-23,1,0.25613588,0.7438641,-0.27413195
2016-06-24,0,0.06152408,0.9384759,-0.60862243
2016-06-27,0,0.15560865,0.84439135,-0.5849323
2016-06-28,1,0.16267355,0.83732647,-0.52689946
2016-06-29,1,0.085844785,0.91415524,-0.09791571
2016-06-30,1,-0.0505239,1.0505239,-0.37258467
2016-07-01,1,0.20767263,0.7923274,-0.23792963
